"zip","lat","lng","city","state_id","state_name","zcta","parent_zcta","population","density","county_fips","county_name","county_weights","county_names_all","county_fips_all","imprecise","military","timezone"
"85658","32.52455","-111.13603","Marana","AZ","Arizona","TRUE","","15494","30.7","04021","Pinal","{""04021"": 64.58, ""04019"": 35.42}","Pinal|Pima","04021|04019","FALSE","FALSE","America/Phoenix"
"85701","32.21702","-110.97138","Tucson","AZ","Arizona","TRUE","","5283","1381.2","04019","Pima","{""04019"": 100}","Pima","04019","FALSE","FALSE","America/Phoenix"
"85704","32.33885","-110.98483","Tucson","AZ","Arizona","TRUE","","34597","733.8","04019","Pima","{""04019"": 100}","Pima","04019","FALSE","FALSE","America/Phoenix"
"85705","32.27119","-110.99172","Tucson","AZ","Arizona","TRUE","","55714","1578.8","04019","Pima","{""04019"": 100}","Pima","04019","FALSE","FALSE","America/Phoenix"
"85706","32.14783","-110.93541","Tucson","AZ","Arizona","TRUE","","57761","1700.6","04019","Pima","{""04019"": 100}","Pima","04019","FALSE","FALSE","America/Phoenix"
"85707","32.18022","-110.88966","Tucson","AZ","Arizona","TRUE","","691","64.8","04019","Pima","{""04019"": 100}","Pima","04019","FALSE","FALSE","America/Phoenix"
"85708","32.17575","-110.86019","Tucson","AZ","Arizona","TRUE","","3902","521.6","04019","Pima","{""04019"": 100}","Pima","04019","FALSE","FALSE","America/Phoenix"
"85709","32.14136","-110.99008","Tucson","AZ","Arizona","TRUE","","0","0.0","04019","Pima","{""04019"": 100}","Pima","04019","FALSE","FALSE","America/Phoenix"
"85710","32.21439","-110.82365","Tucson","AZ","Arizona","TRUE","","52385","1691.1","04019","Pima","{""04019"": 100}","Pima","04019","FALSE","FALSE","America/Phoenix"
"85711","32.21504","-110.88348","Tucson","AZ","Arizona","TRUE","","41369","1853.8","04019","Pima","{""04019"": 100}","Pima","04019","FALSE","FALSE","America/Phoenix"
"85712","32.25229","-110.88636","Tucson","AZ","Arizona","TRUE","","31161","1757.2","04019","Pima","{""04019"": 100}","Pima","04019","FALSE","FALSE","America/Phoenix"
"85713","32.19525","-111.0151","Tucson","AZ","Arizona","TRUE","","45904","743.7","04019","Pima","{""04019"": 100}","Pima","04019","FALSE","FALSE","America/Phoenix"
"85714","32.16997","-110.94653","Tucson","AZ","Arizona","TRUE","","15828","1084.3","04019","Pima","{""04019"": 100}","Pima","04019","FALSE","FALSE","America/Phoenix"
"85715","32.24898","-110.83118","Tucson","AZ","Arizona","TRUE","","18609","1096.6","04019","Pima","{""04019"": 100}","Pima","04019","FALSE","FALSE","America/Phoenix"
"85716","32.24222","-110.92351","Tucson","AZ","Arizona","TRUE","","31317","1679.6","04019","Pima","{""04019"": 100}","Pima","04019","FALSE","FALSE","America/Phoenix"
"85718","32.31078","-110.91819","Tucson","AZ","Arizona","TRUE","","26377","430.8","04019","Pima","{""04019"": 100}","Pima","04019","FALSE","FALSE","America/Phoenix"
"85719","32.2462","-110.94876","Tucson","AZ","Arizona","TRUE","","47922","2323.0","04019","Pima","{""04019"": 100}","Pima","04019","FALSE","FALSE","America/Phoenix"
"85721","32.23107","-110.94957","Tucson","AZ","Arizona","TRUE","","0","0.0","04019","Pima","{""04019"": 100}","Pima","04019","FALSE","FALSE","America/Phoenix"
"85723","32.18189","-110.96496","Tucson","AZ","Arizona","TRUE","","140","244.2","04019","Pima","{""04019"": 100}","Pima","04019","FALSE","FALSE","America/Phoenix"
"85724","32.24072","-110.94555","Tucson","AZ","Arizona","TRUE","","0","0.0","04019","Pima","{""04019"": 100}","Pima","04019","FALSE","FALSE","America/Phoenix"
"85726","32.20437","-110.94529","Tucson","AZ","Arizona","TRUE","","0","0.0","04019","Pima","{""04019"": 100}","Pima","04019","FALSE","FALSE","America/Phoenix"
"85730","32.19064","-110.72976","Tucson","AZ","Arizona","TRUE","","38674","397.9","04019","Pima","{""04019"": 100}","Pima","04019","FALSE","FALSE","America/Phoenix"
"85734","32.06761","-110.86717","Tucson","AZ","Arizona","TRUE","","5559","1885.6","04019","Pima","{""04019"": 100}","Pima","04019","FALSE","FALSE","America/Phoenix"
"85735","32.10389","-111.33437","Tucson","AZ","Arizona","TRUE","","10811","23.9","04019","Pima","{""04019"": 100}","Pima","04019","FALSE","FALSE","America/Phoenix"
"85736","31.87623","-111.37472","Tucson","AZ","Arizona","TRUE","","4473","4.1","04019","Pima","{""04019"": 100}","Pima","04019","FALSE","FALSE","America/Phoenix"
"85737","32.41425","-110.94683","Tucson","AZ","Arizona","TRUE","","22331","363.7","04019","Pima","{""04019"": 100}","Pima","04019","FALSE","FALSE","America/Phoenix"
"85739","32.6137","-111.00758","Tucson","AZ","Arizona","TRUE","","17216","26.0","04021","Pinal","{""04021"": 86.99, ""04019"": 13.01}","Pinal|Pima","04021|04019","FALSE","FALSE","America/Phoenix"
"85741","32.3364","-111.04077","Tucson","AZ","Arizona","TRUE","","34020","1381.6","04019","Pima","{""04019"": 100}","Pima","04019","FALSE","FALSE","America/Phoenix"
"85742","32.3898","-111.05113","Tucson","AZ","Arizona","TRUE","","28938","501.1","04019","Pima","{""04019"": 100}","Pima","04019","FALSE","FALSE","America/Phoenix"
"85743","32.30501","-111.18548","Tucson","AZ","Arizona","TRUE","","30655","100.1","04019","Pima","{""04019"": 100}","Pima","04019","FALSE","FALSE","America/Phoenix"
"85745","32.25014","-111.06253","Tucson","AZ","Arizona","TRUE","","37566","308.7","04019","Pima","{""04019"": 100}","Pima","04019","FALSE","FALSE","America/Phoenix"
"85746","32.06964","-111.09047","Tucson","AZ","Arizona","TRUE","","46452","154.8","04019","Pima","{""04019"": 100}","Pima","04019","FALSE","FALSE","America/Phoenix"
"85747","32.09318","-110.7723","Tucson","AZ","Arizona","TRUE","","26083","150.3","04019","Pima","{""04019"": 100}","Pima","04019","FALSE","FALSE","America/Phoenix"
"85748","32.21904","-110.75205","Tucson","AZ","Arizona","TRUE","","19858","641.0","04019","Pima","{""04019"": 100}","Pima","04019","FALSE","FALSE","America/Phoenix"
"85749","32.28129","-110.72604","Tucson","AZ","Arizona","TRUE","","18217","145.5","04019","Pima","{""04019"": 100}","Pima","04019","FALSE","FALSE","America/Phoenix"
"85750","32.29952","-110.84288","Tucson","AZ","Arizona","TRUE","","24440","519.3","04019","Pima","{""04019"": 100}","Pima","04019","FALSE","FALSE","America/Phoenix"
"85755","32.46836","-110.98152","Tucson","AZ","Arizona","TRUE","","17352","198.0","04019","Pima","{""04019"": 100}","Pima","04019","FALSE","FALSE","America/Phoenix"
"85756","32.07034","-110.90625","Tucson","AZ","Arizona","TRUE","","36163","149.1","04019","Pima","{""04019"": 100}","Pima","04019","FALSE","FALSE","America/Phoenix"
"85757","32.12835","-111.12228","Tucson","AZ","Arizona","TRUE","","20440","308.4","04019","Pima","{""04019"": 100}","Pima","04019","FALSE","FALSE","America/Phoenix"
"85901","34.29348","-109.99878","Show Low","AZ","Arizona","TRUE","","18855","27.7","04017","Navajo","{""04017"": 89.55, ""04001"": 10.45}","Navajo|Apache","04017|04001","FALSE","FALSE","America/Phoenix"
"85902","34.11509","-110.16233","Show Low","AZ","Arizona","TRUE","","5","0.0","04017","Navajo","{""04017"": 100}","Navajo","04017","FALSE","FALSE","America/Phoenix"
"85911","34.14844","-110.4588","Cibecue","AZ","Arizona","TRUE","","1432","1.6","04017","Navajo","{""04017"": 100}","Navajo","04017","FALSE","FALSE","America/Phoenix"
"85912","34.41962","-109.91624","White Mountain Lake","AZ","Arizona","TRUE","","161","1.5","04017","Navajo","{""04017"": 100}","Navajo","04017","FALSE","FALSE","America/Phoenix"
"85920","33.85995","-109.1753","Alpine","AZ","Arizona","TRUE","","562","2.1","04001","Apache","{""04001"": 100}","Apache","04001","FALSE","FALSE","America/Phoenix"
"85922","33.49535","-109.18864","Blue","AZ","Arizona","TRUE","","60","0.0","04011","Greenlee","{""04011"": 100}","Greenlee","04011","FALSE","FALSE","America/Phoenix"
"85923","34.32313","-110.34036","Clay Springs","AZ","Arizona","TRUE","","449","2.9","04017","Navajo","{""04017"": 100}","Navajo","04017","FALSE","FALSE","America/Phoenix"
"85924","34.5635","-109.67553","Concho","AZ","Arizona","TRUE","","1855","1.1","04001","Apache","{""04001"": 100}","Apache","04001","FALSE","FALSE","America/Phoenix"
"85925","34.0162","-109.3557","Eagar","AZ","Arizona","TRUE","","4487","21.0","04001","Apache","{""04001"": 100}","Apache","04001","FALSE","FALSE","America/Phoenix"
"85926","33.77507","-109.9788","Fort Apache","AZ","Arizona","TRUE","","852","45.8","04017","Navajo","{""04017"": 100}","Navajo","04017","FALSE","FALSE","America/Phoenix"
"85927","33.99572","-109.48079","Greer","AZ","Arizona","TRUE","","125","0.4","04001","Apache","{""04001"": 100}","Apache","04001","FALSE","FALSE","America/Phoenix"
"85928","34.52276","-110.5506","Heber","AZ","Arizona","TRUE","","565","0.7","04017","Navajo","{""04017"": 100}","Navajo","04017","FALSE","FALSE","America/Phoenix"
"85929","34.16512","-109.95948","Lakeside","AZ","Arizona","TRUE","","7377","83.6","04017","Navajo","{""04017"": 100}","Navajo","04017","FALSE","FALSE","America/Phoenix"
"85930","34.02744","-109.77141","Mcnary","AZ","Arizona","TRUE","","1526","4.4","04001","Apache","{""04001"": 88.57, ""04017"": 11.43}","Apache|Navajo","04001|04017","FALSE","FALSE","America/Phoenix"
"85931","34.45238","-110.87003","Forest Lakes","AZ","Arizona","TRUE","","235","0.3","04005","Coconino","{""04005"": 100}","Coconino","04005","FALSE","FALSE","America/Phoenix"
"85932","33.95958","-109.1943","Nutrioso","AZ","Arizona","TRUE","","636","2.1","04001","Apache","{""04001"": 100}","Apache","04001","FALSE","FALSE","America/Phoenix"
"85933","34.36089","-110.50955","Overgaard","AZ","Arizona","TRUE","","2908","11.7","04017","Navajo","{""04017"": 100}","Navajo","04017","FALSE","FALSE","America/Phoenix"
"85934","34.30251","-110.24432","Pinedale","AZ","Arizona","TRUE","","486","3.1","04017","Navajo","{""04017"": 100}","Navajo","04017","FALSE","FALSE","America/Phoenix"
"85935","34.14166","-109.90453","Pinetop","AZ","Arizona","TRUE","","4429","37.9","04017","Navajo","{""04017"": 100}","Navajo","04017","FALSE","FALSE","America/Phoenix"
"85936","34.60662","-109.29134","Saint Johns","AZ","Arizona","TRUE","","4057","1.4","04001","Apache","{""04001"": 100}","Apache","04001","FALSE","FALSE","America/Phoenix"
"85937","34.56927","-110.01285","Snowflake","AZ","Arizona","TRUE","","9058","12.1","04017","Navajo","{""04017"": 100}","Navajo","04017","FALSE","FALSE","America/Phoenix"
"85938","34.17814","-109.40089","Springerville","AZ","Arizona","TRUE","","2359","3.8","04001","Apache","{""04001"": 100}","Apache","04001","FALSE","FALSE","America/Phoenix"
"85939","34.43729","-110.08754","Taylor","AZ","Arizona","TRUE","","3977","28.5","04017","Navajo","{""04017"": 100}","Navajo","04017","FALSE","FALSE","America/Phoenix"
"85940","34.25265","-109.69729","Vernon","AZ","Arizona","TRUE","","1524","6.0","04001","Apache","{""04001"": 100}","Apache","04001","FALSE","FALSE","America/Phoenix"
"85941","33.88756","-110.0648","Whiteriver","AZ","Arizona","TRUE","","10640","8.6","04007","Gila","{""04007"": 60.25, ""04017"": 39.75}","Gila|Navajo","04007|04017","FALSE","FALSE","America/Phoenix"
"85942","34.77442","-110.03549","Woodruff","AZ","Arizona","TRUE","","0","0.0","04017","Navajo","{""04017"": 100}","Navajo","04017","FALSE","FALSE","America/Phoenix"
"86001","35.35119","-111.75607","Flagstaff","AZ","Arizona","TRUE","","37157","49.4","04005","Coconino","{""04005"": 100}","Coconino","04005","FALSE","FALSE","America/Phoenix"
"86003","35.24259","-111.20202","Flagstaff","AZ","Arizona","TRUE","","72","0.8","04005","Coconino","{""04005"": 100}","Coconino","04005","FALSE","FALSE","America/Denver"
"86004","35.37546","-111.37515","Flagstaff","AZ","Arizona","TRUE","","36337","15.3","04005","Coconino","{""04005"": 100}","Coconino","04005","FALSE","FALSE","America/Phoenix"
"86005","35.08125","-111.62832","Flagstaff","AZ","Arizona","TRUE","","15921","40.6","04005","Coconino","{""04005"": 100}","Coconino","04005","FALSE","FALSE","America/Phoenix"
"86011","35.18953","-111.65469","Flagstaff","AZ","Arizona","TRUE","","4717","14364.4","04005","Coconino","{""04005"": 100}","Coconino","04005","FALSE","FALSE","America/Phoenix"
"86015","35.22408","-111.80972","Bellemont","AZ","Arizona","TRUE","","1115","24.9","04005","Coconino","{""04005"": 100}","Coconino","04005","FALSE","FALSE","America/Phoenix"
"86016","35.74486","-111.6373","Gray Mountain","AZ","Arizona","TRUE","","42","0.2","04005","Coconino","{""04005"": 100}","Coconino","04005","FALSE","FALSE","America/Denver"
"86017","34.91938","-111.66077","Munds Park","AZ","Arizona","TRUE","","780","2.9","04005","Coconino","{""04005"": 100}","Coconino","04005","FALSE","FALSE","America/Phoenix"
"86018","35.24716","-111.96204","Parks","AZ","Arizona","TRUE","","771","1.6","04005","Coconino","{""04005"": 100}","Coconino","04005","FALSE","FALSE","America/Phoenix"
"86020","36.00133","-111.51263","Cameron","AZ","Arizona","TRUE","","2283","0.7","04005","Coconino","{""04005"": 100}","Coconino","04005","FALSE","FALSE","America/Denver"
"86021","36.92707","-113.10205","Colorado City","AZ","Arizona","TRUE","","4189","9.4","04015","Mohave","{""04015"": 100}","Mohave","04015","FALSE","FALSE","America/Phoenix"
"86022","36.7702","-112.5449","Fredonia","AZ","Arizona","TRUE","","2041","1.0","04005","Coconino","{""04005"": 67.58, ""04015"": 32.42}","Coconino|Mohave","04005|04015","FALSE","FALSE","America/Phoenix"
"86023","36.13498","-112.23438","Grand Canyon","AZ","Arizona","TRUE","","1916","1.8","04005","Coconino","{""04005"": 100}","Coconino","04005","FALSE","FALSE","America/Phoenix"
"86024","34.68509","-111.20244","Happy Jack","AZ","Arizona","TRUE","","1004","0.6","04005","Coconino","{""04005"": 100}","Coconino","04005","FALSE","FALSE","America/Phoenix"
"86025","34.90484","-110.08557","Holbrook","AZ","Arizona","TRUE","","5253","2.8","04017","Navajo","{""04017"": 100}","Navajo","04017","FALSE","FALSE","America/Phoenix"
"86028","35.02873","-109.81056","Petrified Forest Natl Pk","AZ","Arizona","TRUE","","39","1.1","04001","Apache","{""04001"": 100}","Apache","04001","FALSE","FALSE","America/Phoenix"
"86029","34.96834","-110.01175","Sun Valley","AZ","Arizona","TRUE","","106","1.4","04017","Navajo","{""04017"": 100}","Navajo","04017","FALSE","FALSE","America/Phoenix"
"86030","35.87005","-110.80709","Hotevilla","AZ","Arizona","TRUE","","927","1.7","04005","Coconino","{""04005"": 73.23, ""04017"": 26.77}","Coconino|Navajo","04005|04017","FALSE","FALSE","America/Phoenix"
"86031","35.3534","-110.0647","Indian Wells","AZ","Arizona","TRUE","","1832","1.5","04017","Navajo","{""04017"": 100}","Navajo","04017","FALSE","FALSE","America/Denver"
"86032","35.04288","-110.32234","Joseph City","AZ","Arizona","TRUE","","2121","4.0","04017","Navajo","{""04017"": 100}","Navajo","04017","FALSE","FALSE","America/Phoenix"
"86033","36.67692","-110.25536","Kayenta","AZ","Arizona","TRUE","","8191","2.6","04017","Navajo","{""04017"": 95.09, ""04001"": 4.91}","Navajo|Apache","04017|04001","FALSE","FALSE","America/Denver"
"86034","35.77145","-110.138","Keams Canyon","AZ","Arizona","TRUE","","1519","1.2","04017","Navajo","{""04017"": 92.61, ""04001"": 7.39}","Navajo|Apache","04017|04001","FALSE","FALSE","America/Denver"
"86035","35.39631","-111.02806","Leupp","AZ","Arizona","TRUE","","1928","1.5","04005","Coconino","{""04005"": 100}","Coconino","04005","FALSE","FALSE","America/Denver"
"86036","36.72434","-111.82083","Marble Canyon","AZ","Arizona","TRUE","","220","0.1","04005","Coconino","{""04005"": 100}","Coconino","04005","FALSE","FALSE","America/Phoenix"
"86038","34.9018","-111.49161","Mormon Lake","AZ","Arizona","TRUE","","73","0.2","04005","Coconino","{""04005"": 100}","Coconino","04005","FALSE","FALSE","America/Phoenix"
"86039","35.98813","-110.56688","Kykotsmovi Village","AZ","Arizona","TRUE","","1590","2.4","04017","Navajo","{""04017"": 100}","Navajo","04017","FALSE","FALSE","America/Phoenix"
"86040","36.66294","-111.3852","Page","AZ","Arizona","TRUE","","10824","4.7","04005","Coconino","{""04005"": 100}","Coconino","04005","FALSE","FALSE","America/Denver"
"86042","35.86498","-110.38447","Polacca","AZ","Arizona","TRUE","","2207","13.9","04017","Navajo","{""04017"": 100}","Navajo","04017","FALSE","FALSE","America/Phoenix"
"86043","35.81049","-110.52904","Second Mesa","AZ","Arizona","TRUE","","2609","8.8","04017","Navajo","{""04017"": 100}","Navajo","04017","FALSE","FALSE","America/Phoenix"
"86044","36.75137","-110.82626","Tonalea","AZ","Arizona","TRUE","","3149","1.1","04005","Coconino","{""04005"": 55.31, ""49037"": 31.59, ""04017"": 13.1}","Coconino|San Juan|Navajo","04005|49037|04017","FALSE","FALSE","America/Denver"
"86045","36.14775","-111.13344","Tuba City","AZ","Arizona","TRUE","","11756","6.3","04005","Coconino","{""04005"": 100}","Coconino","04005","FALSE","FALSE","America/Denver"
"86046","35.43882","-112.17428","Williams","AZ","Arizona","TRUE","","5826","2.5","04005","Coconino","{""04005"": 100}","Coconino","04005","FALSE","FALSE","America/Phoenix"
"86047","35.18181","-110.63785","Winslow","AZ","Arizona","TRUE","","14388","3.3","04017","Navajo","{""04017"": 71.59, ""04005"": 28.41}","Navajo|Coconino","04017|04005","FALSE","FALSE","America/Denver"
"86052","36.29112","-112.12543","North Rim","AZ","Arizona","TRUE","","333","0.2","04005","Coconino","{""04005"": 100}","Coconino","04005","FALSE","FALSE","America/Phoenix"
"86053","36.75699","-111.05597","Kaibeto","AZ","Arizona","TRUE","","2498","1.5","04005","Coconino","{""04005"": 100}","Coconino","04005","FALSE","FALSE","America/Denver"
"86054","36.67546","-110.61259","Shonto","AZ","Arizona","TRUE","","1628","1.4","04017","Navajo","{""04017"": 94.09, ""04005"": 5.91}","Navajo|Coconino","04017|04005","FALSE","FALSE","America/Denver"
"86301","34.59452","-112.42454","Prescott","AZ","Arizona","TRUE","","25178","291.1","04025","Yavapai","{""04025"": 100}","Yavapai","04025","FALSE","FALSE","America/Phoenix"
"86303","34.4894","-112.42897","Prescott","AZ","Arizona","TRUE","","18452","66.5","04025","Yavapai","{""04025"": 100}","Yavapai","04025","FALSE","FALSE","America/Phoenix"
"86305","34.7906","-112.75229","Prescott","AZ","Arizona","TRUE","","18421","12.1","04025","Yavapai","{""04025"": 100}","Yavapai","04025","FALSE","FALSE","America/Phoenix"
"86313","34.55416","-112.45288","Prescott","AZ","Arizona","TRUE","","260","408.8","04025","Yavapai","{""04025"": 100}","Yavapai","04025","FALSE","FALSE","America/Phoenix"
"86314","34.59823","-112.33079","Prescott Valley","AZ","Arizona","TRUE","","39118","568.1","04025","Yavapai","{""04025"": 100}","Yavapai","04025","FALSE","FALSE","America/Phoenix"
"86315","34.67403","-112.2891","Prescott Valley","AZ","Arizona","TRUE","","9096","39.7","04025","Yavapai","{""04025"": 100}","Yavapai","04025","FALSE","FALSE","America/Phoenix"
"86320","35.36745","-112.63995","Ash Fork","AZ","Arizona","TRUE","","2972","1.4","04005","Coconino","{""04005"": 70.43, ""04025"": 29.57}","Coconino|Yavapai","04005|04025","FALSE","FALSE","America/Phoenix"
"86321","34.55367","-113.08895","Bagdad","AZ","Arizona","TRUE","","2745","2.6","04025","Yavapai","{""04025"": 100}","Yavapai","04025","FALSE","FALSE","America/Phoenix"
"86322","34.47486","-111.80587","Camp Verde","AZ","Arizona","TRUE","","12487","15.1","04025","Yavapai","{""04025"": 100}","Yavapai","04025","FALSE","FALSE","America/Phoenix"
"86323","34.76606","-112.40424","Chino Valley","AZ","Arizona","TRUE","","18913","63.7","04025","Yavapai","{""04025"": 100}","Yavapai","04025","FALSE","FALSE","America/Phoenix"
"86324","34.836","-112.1304","Clarkdale","AZ","Arizona","TRUE","","4419","6.6","04025","Yavapai","{""04025"": 100}","Yavapai","04025","FALSE","FALSE","America/Phoenix"
"86325","34.73347","-111.89884","Cornville","AZ","Arizona","TRUE","","5598","35.2","04025","Yavapai","{""04025"": 100}","Yavapai","04025","FALSE","FALSE","America/Phoenix"
"86326","34.69857","-112.01383","Cottonwood","AZ","Arizona","TRUE","","24896","211.4","04025","Yavapai","{""04025"": 100}","Yavapai","04025","FALSE","FALSE","America/Phoenix"
"86327","34.55682","-112.11089","Dewey","AZ","Arizona","TRUE","","9894","14.9","04025","Yavapai","{""04025"": 100}","Yavapai","04025","FALSE","FALSE","America/Phoenix"
"86329","34.48589","-112.27666","Humboldt","AZ","Arizona","TRUE","","1545","35.9","04025","Yavapai","{""04025"": 100}","Yavapai","04025","FALSE","FALSE","America/Phoenix"
"86331","34.76009","-112.11704","Jerome","AZ","Arizona","TRUE","","445","25.9","04025","Yavapai","{""04025"": 100}","Yavapai","04025","FALSE","FALSE","America/Phoenix"
"86332","34.30403","-112.61809","Kirkland","AZ","Arizona","TRUE","","2017","1.5","04025","Yavapai","{""04025"": 100}","Yavapai","04025","FALSE","FALSE","America/Phoenix"
"86333","34.32195","-112.08352","Mayer","AZ","Arizona","TRUE","","7012","5.4","04025","Yavapai","{""04025"": 100}","Yavapai","04025","FALSE","FALSE","America/Phoenix"
"86334","34.94847","-112.53946","Paulden","AZ","Arizona","TRUE","","4402","6.7","04025","Yavapai","{""04025"": 100}","Yavapai","04025","FALSE","FALSE","America/Phoenix"
"86335","34.65216","-111.68044","Rimrock","AZ","Arizona","TRUE","","4593","6.5","04025","Yavapai","{""04025"": 100}","Yavapai","04025","FALSE","FALSE","America/Phoenix"
"86336","34.8902","-111.85157","Sedona","AZ","Arizona","TRUE","","10890","20.6","04025","Yavapai","{""04025"": 72.91, ""04005"": 27.09}","Yavapai|Coconino","04025|04005","FALSE","FALSE","America/Phoenix"
"86337","35.24422","-113.0505","Seligman","AZ","Arizona","TRUE","","1610","0.4","04025","Yavapai","{""04025"": 75.22, ""04005"": 24.78}","Yavapai|Coconino","04025|04005","FALSE","FALSE","America/Phoenix"
"86338","34.57306","-112.75756","Skull Valley","AZ","Arizona","TRUE","","539","0.6","04025","Yavapai","{""04025"": 100}","Yavapai","04025","FALSE","FALSE","America/Phoenix"
"86343","34.17937","-112.31236","Crown King","AZ","Arizona","TRUE","","129","0.6","04025","Yavapai","{""04025"": 100}","Yavapai","04025","FALSE","FALSE","America/Phoenix"
"86351","34.77846","-111.78514","Sedona","AZ","Arizona","TRUE","","6300","60.8","04025","Yavapai","{""04025"": 100}","Yavapai","04025","FALSE","FALSE","America/Phoenix"
"86401","35.11024","-113.70423","Kingman","AZ","Arizona","TRUE","","28352","8.9","04015","Mohave","{""04015"": 100}","Mohave","04015","FALSE","FALSE","America/Phoenix"
"86403","34.47703","-114.34423","Lake Havasu City","AZ","Arizona","TRUE","","18068","633.0","04015","Mohave","{""04015"": 100}","Mohave","04015","FALSE","FALSE","America/Los_Angeles"
"86404","34.61156","-114.29452","Lake Havasu City","AZ","Arizona","TRUE","","17966","42.9","04015","Mohave","{""04015"": 100}","Mohave","04015","FALSE","FALSE","America/Phoenix"
"86406","34.42269","-114.12418","Lake Havasu City","AZ","Arizona","TRUE","","24050","38.0","04015","Mohave","{""04015"": 100}","Mohave","04015","FALSE","FALSE","America/Phoenix"
"86409","35.46429","-114.03245","Kingman","AZ","Arizona","TRUE","","29109","30.7","04015","Mohave","{""04015"": 100}","Mohave","04015","FALSE","FALSE","America/Phoenix"
"86411","35.44761","-113.74381","Hackberry","AZ","Arizona","TRUE","","518","0.7","04015","Mohave","{""04015"": 100}","Mohave","04015","FALSE","FALSE","America/Phoenix"
"86413","35.16995","-114.25695","Golden Valley","AZ","Arizona","TRUE","","11077","10.0","04015","Mohave","{""04015"": 100}","Mohave","04015","FALSE","FALSE","America/Phoenix"
"86426","35.0134","-114.54968","Fort Mohave","AZ","Arizona","TRUE","","15630","172.9","04015","Mohave","{""04015"": 100}","Mohave","04015","FALSE","FALSE","America/Phoenix"
"86429","35.28769","-114.51261","Bullhead City","AZ","Arizona","TRUE","","8391","11.8","04015","Mohave","{""04015"": 100}","Mohave","04015","FALSE","FALSE","America/Phoenix"
"86431","35.42521","-114.24738","Chloride","AZ","Arizona","TRUE","","296","1.6","04015","Mohave","{""04015"": 100}","Mohave","04015","FALSE","FALSE","America/Phoenix"
"86432","36.79085","-113.73783","Littlefield","AZ","Arizona","TRUE","","4000","1.4","04015","Mohave","{""04015"": 100}","Mohave","04015","FALSE","FALSE","America/Phoenix"
"86433","34.92862","-114.35853","Oatman","AZ","Arizona","TRUE","","43","0.1","04015","Mohave","{""04015"": 100}","Mohave","04015","FALSE","FALSE","America/Phoenix"
"86434","35.65959","-113.58538","Peach Springs","AZ","Arizona","TRUE","","1697","0.7","04015","Mohave","{""04015"": 95.14, ""04025"": 3.92, ""04005"": 0.94}","Mohave|Yavapai|Coconino","04015|04025|04005","FALSE","FALSE","America/Phoenix"
"86435","36.00915","-112.94567","Supai","AZ","Arizona","TRUE","","0","0.0","04005","Coconino","{""04005"": 100}","Coconino","04005","FALSE","FALSE","America/Phoenix"
"86436","34.73914","-114.42273","Topock","AZ","Arizona","TRUE","","1089","4.9","04015","Mohave","{""04015"": 100}","Mohave","04015","FALSE","FALSE","America/Phoenix"
"86437","35.39511","-113.59784","Valentine","AZ","Arizona","TRUE","","107","0.5","04015","Mohave","{""04015"": 100}","Mohave","04015","FALSE","FALSE","America/Phoenix"
"86438","34.68595","-113.98175","Yucca","AZ","Arizona","TRUE","","661","0.3","04015","Mohave","{""04015"": 100}","Mohave","04015","FALSE","FALSE","America/Phoenix"
"86440","34.88855","-114.54071","Mohave Valley","AZ","Arizona","TRUE","","8130","25.4","04015","Mohave","{""04015"": 100}","Mohave","04015","FALSE","FALSE","America/Phoenix"
"86441","35.56205","-114.30384","Dolan Springs","AZ","Arizona","TRUE","","1815","1.9","04015","Mohave","{""04015"": 100}","Mohave","04015","FALSE","FALSE","America/Phoenix"
"86442","35.09139","-114.57731","Bullhead City","AZ","Arizona","TRUE","","33477","459.0","04015","Mohave","{""04015"": 100}","Mohave","04015","FALSE","FALSE","America/Phoenix"
"86443","35.97186","-114.46386","Temple Bar Marina","AZ","Arizona","TRUE","","0","0.0","04015","Mohave","{""04015"": 100}","Mohave","04015","FALSE","FALSE","America/Phoenix"
"86444","35.90199","-114.05969","Meadview","AZ","Arizona","TRUE","","1517","1.1","04015","Mohave","{""04015"": 100}","Mohave","04015","FALSE","FALSE","America/Phoenix"
"86445","35.70747","-114.53764","Willow Beach","AZ","Arizona","TRUE","","253","0.3","04015","Mohave","{""04015"": 100}","Mohave","04015","FALSE","FALSE","America/Phoenix"
"86502","35.1212","-109.61705","Chambers","AZ","Arizona","TRUE","","920","0.4","04001","Apache","{""04001"": 100}","Apache","04001","FALSE","FALSE","America/Phoenix"
"86503","36.20258","-109.68224","Chinle","AZ","Arizona","TRUE","","9089","3.5","04001","Apache","{""04001"": 95.28, ""04017"": 4.72}","Apache|Navajo","04001|04017","FALSE","FALSE","America/Denver"
"86504","35.86087","-109.13995","Fort Defiance","AZ","Arizona","TRUE","","6347","12.2","04001","Apache","{""04001"": 98.82, ""35031"": 1.18}","Apache|McKinley","04001|35031","FALSE","FALSE","America/Denver"
"86505","35.61872","-109.71274","Ganado","AZ","Arizona","TRUE","","7522","2.7","04001","Apache","{""04001"": 84.25, ""04017"": 15.75}","Apache|Navajo","04001|04017","FALSE","FALSE","America/Denver"
"86506","35.35206","-109.25868","Houck","AZ","Arizona","TRUE","","1437","2.0","04001","Apache","{""04001"": 100}","Apache","04001","FALSE","FALSE","America/Denver"
"86507","36.41985","-109.28019","Lukachukai","AZ","Arizona","TRUE","","2005","3.6","04001","Apache","{""04001"": 100}","Apache","04001","FALSE","FALSE","America/Denver"
"86508","35.35086","-109.08737","Lupton","AZ","Arizona","TRUE","","516","2.4","04001","Apache","{""04001"": 100}","Apache","04001","FALSE","FALSE","America/Denver"
"86510","36.23061","-110.27182","Pinon","AZ","Arizona","TRUE","","3569","2.0","04017","Navajo","{""04017"": 100}","Navajo","04017","FALSE","FALSE","America/Denver"
"86511","35.66536","-109.26397","Saint Michaels","AZ","Arizona","TRUE","","3629","4.1","04001","Apache","{""04001"": 100}","Apache","04001","FALSE","FALSE","America/Denver"
"86512","35.079","-109.24737","Sanders","AZ","Arizona","TRUE","","2513","2.1","04001","Apache","{""04001"": 100}","Apache","04001","FALSE","FALSE","America/Phoenix"
"86514","36.90487","-109.32028","Teec Nos Pos","AZ","Arizona","TRUE","","3367","1.9","04001","Apache","{""04001"": 83.89, ""49037"": 15.12, ""35045"": 0.99}","Apache|San Juan|San Juan","04001|49037|35045","FALSE","FALSE","America/Denver"
"86515","35.70301","-108.99057","Window Rock","AZ","Arizona","TRUE","","3079","10.3","35031","McKinley","{""35031"": 88.14, ""04001"": 11.86}","McKinley|Apache","35031|04001","FALSE","FALSE","America/Denver"
"86520","36.05891","-109.95208","Blue Gap","AZ","Arizona","TRUE","","2270","3.1","04001","Apache","{""04001"": 78.06, ""04017"": 21.94}","Apache|Navajo","04001|04017","FALSE","FALSE","America/Denver"
"86535","36.82372","-109.86199","Dennehotso","AZ","Arizona","TRUE","","1428","2.5","04001","Apache","{""04001"": 100}","Apache","04001","FALSE","FALSE","America/Denver"
"86538","36.43323","-109.63752","Many Farms","AZ","Arizona","TRUE","","1491","4.1","04001","Apache","{""04001"": 100}","Apache","04001","FALSE","FALSE","America/Denver"
"86540","35.93953","-109.44886","Nazlini","AZ","Arizona","TRUE","","1039","1.7","04001","Apache","{""04001"": 100}","Apache","04001","FALSE","FALSE","America/Denver"
"86544","36.58162","-109.13818","Red Valley","AZ","Arizona","TRUE","","1377","2.0","04001","Apache","{""04001"": 100}","Apache","04001","FALSE","FALSE","America/Denver"
"86545","36.71125","-109.58943","Rock Point","AZ","Arizona","TRUE","","1268","1.2","04001","Apache","{""04001"": 100}","Apache","04001","FALSE","FALSE","America/Denver"
"86547","36.52759","-109.46019","Round Rock","AZ","Arizona","TRUE","","1040","2.2","04001","Apache","{""04001"": 100}","Apache","04001","FALSE","FALSE","America/Denver"
"86556","36.24093","-109.21631","Tsaile","AZ","Arizona","TRUE","","2845","5.1","04001","Apache","{""04001"": 100}","Apache","04001","FALSE","FALSE","America/Denver"
"87001","35.41231","-106.37944","Algodones","NM","New Mexico","TRUE","","3851","14.9","35043","Sandoval","{""35043"": 100}","Sandoval","35043","FALSE","FALSE","America/Denver"
"87002","34.63619","-106.82517","Belen","NM","New Mexico","TRUE","","20533","13.3","35061","Valencia","{""35061"": 99.79, ""35053"": 0.21}","Valencia|Socorro","35061|35053","FALSE","FALSE","America/Denver"
"87004","35.38555","-106.58493","Bernalillo","NM","New Mexico","TRUE","","11778","50.2","35043","Sandoval","{""35043"": 100}","Sandoval","35043","FALSE","FALSE","America/Denver"
"87005","35.25669","-107.98867","Bluewater","NM","New Mexico","TRUE","","96","1.6","35006","Cibola","{""35006"": 100}","Cibola","35006","FALSE","FALSE","America/Denver"
"87006","34.48616","-106.84202","Bosque","NM","New Mexico","TRUE","","1539","9.6","35053","Socorro","{""35053"": 95.81, ""35061"": 4.19}","Socorro|Valencia","35053|35061","FALSE","FALSE","America/Denver"
"87007","34.96582","-107.46717","Casa Blanca","NM","New Mexico","TRUE","","1385","4.2","35006","Cibola","{""35006"": 100}","Cibola","35006","FALSE","FALSE","America/Denver"
"87008","35.14779","-106.39133","Cedar Crest","NM","New Mexico","TRUE","","2409","34.9","35001","Bernalillo","{""35001"": 100}","Bernalillo","35001","FALSE","FALSE","America/Denver"
"87010","35.40517","-106.13493","Cerrillos","NM","New Mexico","TRUE","","1005","2.3","35049","Santa Fe","{""35049"": 100}","Santa Fe","35049","FALSE","FALSE","America/Denver"
"87011","34.08236","-105.97225","Claunch","NM","New Mexico","TRUE","","0","0.0","35053","Socorro","{""35053"": 72.29, ""35027"": 27.71}","Socorro|Lincoln","35053|35027","FALSE","FALSE","America/Denver"
"87012","36.13341","-106.67312","Coyote","NM","New Mexico","TRUE","","436","2.2","35039","Rio Arriba","{""35039"": 100}","Rio Arriba","35039","FALSE","FALSE","America/Denver"
"87013","35.90014","-107.33509","Cuba","NM","New Mexico","TRUE","","5648","1.9","35043","Sandoval","{""35043"": 55.17, ""35031"": 44.35, ""35039"": 0.48}","Sandoval|McKinley|Rio Arriba","35043|35031|35039","FALSE","FALSE","America/Denver"
"87014","35.1372","-107.45315","Cubero","NM","New Mexico","TRUE","","499","9.2","35006","Cibola","{""35006"": 100}","Cibola","35006","FALSE","FALSE","America/Denver"
"87015","35.07535","-106.19123","Edgewood","NM","New Mexico","TRUE","","14637","43.0","35049","Santa Fe","{""35049"": 62.06, ""35057"": 20.48, ""35001"": 17.46}","Santa Fe|Torrance|Bernalillo","35049|35057|35001","FALSE","FALSE","America/Denver"
"87016","34.75117","-106.01074","Estancia","NM","New Mexico","TRUE","","2818","1.9","35057","Torrance","{""35057"": 100}","Torrance","35057","FALSE","FALSE","America/Denver"
"87017","36.30624","-106.73759","Gallina","NM","New Mexico","TRUE","","618","1.1","35039","Rio Arriba","{""35039"": 100}","Rio Arriba","35039","FALSE","FALSE","America/Denver"
"87018","36.11644","-107.51745","Counselor","NM","New Mexico","TRUE","","932","2.1","35043","Sandoval","{""35043"": 97.64, ""35039"": 2.36}","Sandoval|Rio Arriba","35043|35039","FALSE","FALSE","America/Denver"
"87020","35.0589","-107.92797","Grants","NM","New Mexico","TRUE","","11073","4.7","35006","Cibola","{""35006"": 86.5, ""35031"": 13.5}","Cibola|McKinley","35006|35031","FALSE","FALSE","America/Denver"
"87021","35.19673","-107.88621","Milan","NM","New Mexico","TRUE","","2837","109.2","35006","Cibola","{""35006"": 100}","Cibola","35006","FALSE","FALSE","America/Denver"
"87022","34.90986","-106.69501","Isleta","NM","New Mexico","TRUE","","443","186.0","35001","Bernalillo","{""35001"": 100}","Bernalillo","35001","FALSE","FALSE","America/Denver"
"87023","34.59583","-106.7633","Jarales","NM","New Mexico","TRUE","","509","75.7","35061","Valencia","{""35061"": 100}","Valencia","35061","FALSE","FALSE","America/Denver"
"87024","35.6765","-106.75031","Jemez Pueblo","NM","New Mexico","TRUE","","2510","7.3","35043","Sandoval","{""35043"": 100}","Sandoval","35043","FALSE","FALSE","America/Denver"
"87025","35.84308","-106.61862","Jemez Springs","NM","New Mexico","TRUE","","1385","1.7","35043","Sandoval","{""35043"": 100}","Sandoval","35043","FALSE","FALSE","America/Denver"
"87026","34.97119","-107.17556","Laguna","NM","New Mexico","TRUE","","4259","4.2","35006","Cibola","{""35006"": 49.49, ""35061"": 28.43, ""35001"": 22.08}","Cibola|Valencia|Bernalillo","35006|35061|35001","FALSE","FALSE","America/Denver"
"87027","36.12734","-106.94737","La Jara","NM","New Mexico","TRUE","","359","3.9","35043","Sandoval","{""35043"": 100}","Sandoval","35043","FALSE","FALSE","America/Denver"
"87028","34.35076","-106.78789","La Joya","NM","New Mexico","TRUE","","87","0.4","35053","Socorro","{""35053"": 100}","Socorro","35053","FALSE","FALSE","America/Denver"
"87029","36.39394","-107.03949","Lindrith","NM","New Mexico","TRUE","","260","0.4","35039","Rio Arriba","{""35039"": 100}","Rio Arriba","35039","FALSE","FALSE","America/Denver"
"87031","34.78007","-106.72649","Los Lunas","NM","New Mexico","TRUE","","45537","68.8","35061","Valencia","{""35061"": 100}","Valencia","35061","FALSE","FALSE","America/Denver"
"87032","34.86786","-106.04201","Mcintosh","NM","New Mexico","TRUE","","92","1.4","35057","Torrance","{""35057"": 100}","Torrance","35057","FALSE","FALSE","America/Denver"
"87034","34.91939","-107.6559","Pueblo Of Acoma","NM","New Mexico","TRUE","","3223","4.4","35006","Cibola","{""35006"": 100}","Cibola","35006","FALSE","FALSE","America/Denver"
"87035","34.95116","-105.90273","Moriarty","NM","New Mexico","TRUE","","7301","8.2","35057","Torrance","{""35057"": 96.93, ""35049"": 3.07}","Torrance|Santa Fe","35057|35049","FALSE","FALSE","America/Denver"
"87036","34.35591","-106.24227","Mountainair","NM","New Mexico","TRUE","","1731","0.6","35057","Torrance","{""35057"": 62.52, ""35053"": 37.48}","Torrance|Socorro","35057|35053","FALSE","FALSE","America/Denver"
"87037","36.18392","-107.78087","Nageezi","NM","New Mexico","TRUE","","1771","1.9","35045","San Juan","{""35045"": 96.72, ""35039"": 3.28}","San Juan|Rio Arriba","35045|35039","FALSE","FALSE","America/Denver"
"87038","35.0944","-107.43259","New Laguna","NM","New Mexico","TRUE","","390","6.3","35006","Cibola","{""35006"": 100}","Cibola","35006","FALSE","FALSE","America/Denver"
"87040","35.14192","-107.39887","Paguate","NM","New Mexico","TRUE","","783","28.6","35006","Cibola","{""35006"": 100}","Cibola","35006","FALSE","FALSE","America/Denver"
"87041","35.60202","-106.31054","Pena Blanca","NM","New Mexico","TRUE","","828","5.9","35043","Sandoval","{""35043"": 100}","Sandoval","35043","FALSE","FALSE","America/Denver"
"87042","34.82827","-106.68619","Peralta","NM","New Mexico","TRUE","","3433","294.7","35061","Valencia","{""35061"": 100}","Valencia","35061","FALSE","FALSE","America/Denver"
"87043","35.28978","-106.44418","Placitas","NM","New Mexico","TRUE","","3863","13.9","35043","Sandoval","{""35043"": 100}","Sandoval","35043","FALSE","FALSE","America/Denver"
"87044","35.71254","-106.65652","Ponderosa","NM","New Mexico","TRUE","","120","1.1","35043","Sandoval","{""35043"": 100}","Sandoval","35043","FALSE","FALSE","America/Denver"
"87045","35.40018","-108.00182","Prewitt","NM","New Mexico","TRUE","","1885","4.5","35031","McKinley","{""35031"": 98.32, ""35006"": 1.68}","McKinley|Cibola","35031|35006","FALSE","FALSE","America/Denver"
"87046","36.27773","-106.91643","Regina","NM","New Mexico","TRUE","","214","0.9","35039","Rio Arriba","{""35039"": 78.49, ""35043"": 21.51}","Rio Arriba|Sandoval","35039|35043","FALSE","FALSE","America/Denver"
"87047","35.24866","-106.27629","Sandia Park","NM","New Mexico","TRUE","","4545","12.6","35043","Sandoval","{""35043"": 41.52, ""35049"": 29.85, ""35001"": 28.63}","Sandoval|Santa Fe|Bernalillo","35043|35049|35001","FALSE","FALSE","America/Denver"
"87048","35.23624","-106.61977","Corrales","NM","New Mexico","TRUE","","8735","306.8","35043","Sandoval","{""35043"": 98.13, ""35001"": 1.87}","Sandoval|Bernalillo","35043|35001","FALSE","FALSE","America/Denver"
"87049","35.11699","-107.61026","San Fidel","NM","New Mexico","TRUE","","253","3.2","35006","Cibola","{""35006"": 100}","Cibola","35006","FALSE","FALSE","America/Denver"
"87051","35.06188","-107.85426","San Rafael","NM","New Mexico","TRUE","","1887","14.0","35006","Cibola","{""35006"": 100}","Cibola","35006","FALSE","FALSE","America/Denver"
"87052","35.52867","-106.36935","Santo Domingo Pueblo","NM","New Mexico","TRUE","","2688","13.3","35043","Sandoval","{""35043"": 100}","Sandoval","35043","FALSE","FALSE","America/Denver"
"87053","35.57537","-106.87832","San Ysidro","NM","New Mexico","TRUE","","1253","2.8","35043","Sandoval","{""35043"": 100}","Sandoval","35043","FALSE","FALSE","America/Denver"
"87056","35.16197","-105.89566","Stanley","NM","New Mexico","TRUE","","1182","1.1","35049","Santa Fe","{""35049"": 86.4, ""35047"": 13.6}","Santa Fe|San Miguel","35049|35047","FALSE","FALSE","America/Denver"
"87059","34.99647","-106.29764","Tijeras","NM","New Mexico","TRUE","","9706","26.5","35001","Bernalillo","{""35001"": 100}","Bernalillo","35001","FALSE","FALSE","America/Denver"
"87060","34.74292","-106.73571","Tome","NM","New Mexico","TRUE","","0","0.0","35061","Valencia","{""35061"": 100}","Valencia","35061","FALSE","FALSE","America/Denver"
"87061","34.705","-106.38145","Torreon","NM","New Mexico","TRUE","","258","1.1","35057","Torrance","{""35057"": 100}","Torrance","35057","FALSE","FALSE","America/Denver"
"87062","34.46187","-106.69719","Veguita","NM","New Mexico","TRUE","","1702","7.7","35053","Socorro","{""35053"": 99.32, ""35061"": 0.68}","Socorro|Valencia","35053|35061","FALSE","FALSE","America/Denver"
"87063","34.49265","-105.85432","Willard","NM","New Mexico","TRUE","","367","0.4","35057","Torrance","{""35057"": 100}","Torrance","35057","FALSE","FALSE","America/Denver"
"87064","36.1849","-106.53923","Youngsville","NM","New Mexico","TRUE","","84","0.5","35039","Rio Arriba","{""35039"": 100}","Rio Arriba","35039","FALSE","FALSE","America/Denver"
"87068","34.90354","-106.64321","Bosque Farms","NM","New Mexico","TRUE","","5335","55.4","35001","Bernalillo","{""35001"": 53.54, ""35061"": 46.46}","Bernalillo|Valencia","35001|35061","FALSE","FALSE","America/Denver"
"87070","35.02255","-105.74037","Clines Corners","NM","New Mexico","TRUE","","9","0.2","35057","Torrance","{""35057"": 100}","Torrance","35057","FALSE","FALSE","America/Denver"
"87072","35.60828","-106.3955","Cochiti Pueblo","NM","New Mexico","TRUE","","604","13.1","35043","Sandoval","{""35043"": 100}","Sandoval","35043","FALSE","FALSE","America/Denver"
"87083","35.64496","-106.36366","Cochiti Lake","NM","New Mexico","TRUE","","399","14.2","35043","Sandoval","{""35043"": 100}","Sandoval","35043","FALSE","FALSE","America/Denver"
"87101","35.09669","-106.64339","Albuquerque","NM","New Mexico","TRUE","","0","0.0","35001","Bernalillo","{""35001"": 100}","Bernalillo","35001","FALSE","FALSE","America/Denver"
"87102","35.08116","-106.64636","Albuquerque","NM","New Mexico","TRUE","","19056","1127.5","35001","Bernalillo","{""35001"": 100}","Bernalillo","35001","FALSE","FALSE","America/Denver"
"87104","35.10278","-106.67492","Albuquerque","NM","New Mexico","TRUE","","13468","1237.5","35001","Bernalillo","{""35001"": 100}","Bernalillo","35001","FALSE","FALSE","America/Denver"
"87105","34.99512","-106.68644","Albuquerque","NM","New Mexico","TRUE","","54138","520.4","35001","Bernalillo","{""35001"": 100}","Bernalillo","35001","FALSE","FALSE","America/Denver"
"87106","35.00818","-106.61185","Albuquerque","NM","New Mexico","TRUE","","25844","278.6","35001","Bernalillo","{""35001"": 100}","Bernalillo","35001","FALSE","FALSE","America/Denver"
"87107","35.13747","-106.64363","Albuquerque","NM","New Mexico","TRUE","","27981","737.6","35001","Bernalillo","{""35001"": 100}","Bernalillo","35001","FALSE","FALSE","America/Denver"
"87108","35.07235","-106.57835","Albuquerque","NM","New Mexico","TRUE","","36433","2393.1","35001","Bernalillo","{""35001"": 100}","Bernalillo","35001","FALSE","FALSE","America/Denver"
"87109","35.15285","-106.57543","Albuquerque","NM","New Mexico","TRUE","","40249","1556.7","35001","Bernalillo","{""35001"": 100}","Bernalillo","35001","FALSE","FALSE","America/Denver"
"87110","35.10812","-106.57816","Albuquerque","NM","New Mexico","TRUE","","40307","1774.2","35001","Bernalillo","{""35001"": 100}","Bernalillo","35001","FALSE","FALSE","America/Denver"
"87111","35.13824","-106.51589","Albuquerque","NM","New Mexico","TRUE","","57518","1748.6","35001","Bernalillo","{""35001"": 100}","Bernalillo","35001","FALSE","FALSE","America/Denver"
"87112","35.10093","-106.51622","Albuquerque","NM","New Mexico","TRUE","","41818","1986.1","35001","Bernalillo","{""35001"": 100}","Bernalillo","35001","FALSE","FALSE","America/Denver"
"87113","35.19249","-106.5708","Albuquerque","NM","New Mexico","TRUE","","16879","437.8","35001","Bernalillo","{""35001"": 100}","Bernalillo","35001","FALSE","FALSE","America/Denver"
"87114","35.19718","-106.68216","Albuquerque","NM","New Mexico","TRUE","","69717","1285.7","35001","Bernalillo","{""35001"": 100}","Bernalillo","35001","FALSE","FALSE","America/Denver"
"87116","35.05056","-106.56028","Albuquerque","NM","New Mexico","TRUE","","4579","301.2","35001","Bernalillo","{""35001"": 100}","Bernalillo","35001","FALSE","FALSE","America/Denver"
"87117","34.99486","-106.51697","Kirtland Afb","NM","New Mexico","TRUE","","24","0.2","35001","Bernalillo","{""35001"": 100}","Bernalillo","35001","FALSE","FALSE","America/Denver"
"87120","35.14097","-106.76522","Albuquerque","NM","New Mexico","TRUE","","66118","442.9","35001","Bernalillo","{""35001"": 100}","Bernalillo","35001","FALSE","FALSE","America/Denver"
"87121","35.01031","-106.87816","Albuquerque","NM","New Mexico","TRUE","","75378","86.4","35001","Bernalillo","{""35001"": 100}","Bernalillo","35001","FALSE","FALSE","America/Denver"
"87122","35.18685","-106.48827","Albuquerque","NM","New Mexico","TRUE","","18022","320.8","35001","Bernalillo","{""35001"": 97.29, ""35043"": 2.71}","Bernalillo|Sandoval","35001|35043","FALSE","FALSE","America/Denver"
"87123","35.06206","-106.46991","Albuquerque","NM","New Mexico","TRUE","","44162","590.9","35001","Bernalillo","{""35001"": 100}","Bernalillo","35001","FALSE","FALSE","America/Denver"
"87124","35.27144","-106.79627","Rio Rancho","NM","New Mexico","TRUE","","56875","281.7","35043","Sandoval","{""35043"": 100}","Sandoval","35043","FALSE","FALSE","America/Denver"
"87144","35.33074","-106.71248","Rio Rancho","NM","New Mexico","TRUE","","47079","181.1","35043","Sandoval","{""35043"": 100}","Sandoval","35043","FALSE","FALSE","America/Denver"
"87151","35.00772","-106.86035","Albuquerque","NM","New Mexico","TRUE","","1640","2635.5","35001","Bernalillo","{""35001"": 100}","Bernalillo","35001","FALSE","FALSE","America/Denver"
"87301","35.52153","-108.76524","Gallup","NM","New Mexico","TRUE","","22776","222.7","35031","McKinley","{""35031"": 100}","McKinley","35031","FALSE","FALSE","America/Denver"
"87305","35.40327","-108.73151","Gallup","NM","New Mexico","TRUE","","2125","6.9","35031","McKinley","{""35031"": 100}","McKinley","35031","FALSE","FALSE","America/Denver"
"87310","35.75365","-108.60267","Brimhall","NM","New Mexico","TRUE","","1120","4.7","35031","McKinley","{""35031"": 100}","McKinley","35031","FALSE","FALSE","America/Denver"
"87311","35.60501","-108.50061","Church Rock","NM","New Mexico","TRUE","","5074","9.3","35031","McKinley","{""35031"": 100}","McKinley","35031","FALSE","FALSE","America/Denver"
"87312","35.4291","-108.34543","Continental Divide","NM","New Mexico","TRUE","","417","2.0","35031","McKinley","{""35031"": 100}","McKinley","35031","FALSE","FALSE","America/Denver"
"87313","35.79538","-108.22129","Crownpoint","NM","New Mexico","TRUE","","5284","3.0","35031","McKinley","{""35031"": 88.9, ""35045"": 11.1}","McKinley|San Juan","35031|35045","FALSE","FALSE","America/Denver"
"87315","34.66247","-108.55075","Fence Lake","NM","New Mexico","TRUE","","141","0.2","35006","Cibola","{""35006"": 100}","Cibola","35006","FALSE","FALSE","America/Denver"
"87316","35.48684","-108.53328","Fort Wingate","NM","New Mexico","TRUE","","1630","8.4","35031","McKinley","{""35031"": 100}","McKinley","35031","FALSE","FALSE","America/Denver"
"87317","35.58024","-108.75244","Gamerco","NM","New Mexico","TRUE","","1327","39.4","35031","McKinley","{""35031"": 100}","McKinley","35031","FALSE","FALSE","America/Denver"
"87319","35.4769","-108.94232","Mentmore","NM","New Mexico","TRUE","","2910","6.3","35031","McKinley","{""35031"": 100}","McKinley","35031","FALSE","FALSE","America/Denver"
"87320","35.80762","-108.87136","Mexican Springs","NM","New Mexico","TRUE","","578","2.5","35031","McKinley","{""35031"": 100}","McKinley","35031","FALSE","FALSE","America/Denver"
"87321","35.06791","-108.40638","Ramah","NM","New Mexico","TRUE","","2011","1.6","35006","Cibola","{""35006"": 70.2, ""35031"": 29.8}","Cibola|McKinley","35006|35031","FALSE","FALSE","America/Denver"
"87322","35.48531","-108.66253","Rehoboth","NM","New Mexico","TRUE","","630","14.6","35031","McKinley","{""35031"": 100}","McKinley","35031","FALSE","FALSE","America/Denver"
"87323","35.45214","-108.17531","Thoreau","NM","New Mexico","TRUE","","4159","5.4","35031","McKinley","{""35031"": 85.47, ""35006"": 14.53}","McKinley|Cibola","35031|35006","FALSE","FALSE","America/Denver"
"87325","35.97495","-108.58746","Tohatchi","NM","New Mexico","TRUE","","2572","2.0","35031","McKinley","{""35031"": 61.44, ""35045"": 38.56}","McKinley|San Juan","35031|35045","FALSE","FALSE","America/Denver"
"87326","35.27223","-108.88765","Vanderwagen","NM","New Mexico","TRUE","","2383","3.9","35031","McKinley","{""35031"": 100}","McKinley","35031","FALSE","FALSE","America/Denver"
"87327","35.06529","-108.77813","Zuni","NM","New Mexico","TRUE","","8445","8.6","35031","McKinley","{""35031"": 86.01, ""35006"": 13.99}","McKinley|Cibola","35031|35006","FALSE","FALSE","America/Denver"
"87328","36.02541","-109.03638","Navajo","NM","New Mexico","TRUE","","2841","3.1","04001","Apache","{""04001"": 38.7, ""35031"": 31.58, ""35045"": 29.72}","Apache|McKinley|San Juan","04001|35031|35045","FALSE","FALSE","America/Denver"
"87347","35.38502","-108.47052","Jamestown","NM","New Mexico","TRUE","","262","1.0","35031","McKinley","{""35031"": 100}","McKinley","35031","FALSE","FALSE","America/Denver"
"87357","34.82644","-108.41435","Pinehill","NM","New Mexico","TRUE","","1080","1.4","35006","Cibola","{""35006"": 100}","Cibola","35006","FALSE","FALSE","America/Denver"
"87364","36.13538","-108.70875","Sheep Springs","NM","New Mexico","TRUE","","1638","3.3","35045","San Juan","{""35045"": 100}","San Juan","35045","FALSE","FALSE","America/Denver"
"87365","35.53585","-108.13796","Smith Lake","NM","New Mexico","TRUE","","33","417.5","35031","McKinley","{""35031"": 100}","McKinley","35031","FALSE","FALSE","America/Denver"
"87375","35.66114","-108.79477","Yatahey","NM","New Mexico","TRUE","","4477","10.3","35031","McKinley","{""35031"": 100}","McKinley","35031","FALSE","FALSE","America/Denver"
"87401","36.73824","-108.18377","Farmington","NM","New Mexico","TRUE","","47326","137.6","35045","San Juan","{""35045"": 100}","San Juan","35045","FALSE","FALSE","America/Denver"
"87402","36.79174","-108.14831","Farmington","NM","New Mexico","TRUE","","9792","243.5","35045","San Juan","{""35045"": 100}","San Juan","35045","FALSE","FALSE","America/Denver"
"87410","36.86708","-107.89433","Aztec","NM","New Mexico","TRUE","","14993","21.8","35045","San Juan","{""35045"": 100}","San Juan","35045","FALSE","FALSE","America/Denver"
"87412","36.6569","-107.51956","Blanco","NM","New Mexico","TRUE","","1702","1.4","35039","Rio Arriba","{""35039"": 72.13, ""35045"": 27.87}","Rio Arriba|San Juan","35039|35045","FALSE","FALSE","America/Denver"
"87413","36.45914","-107.96408","Bloomfield","NM","New Mexico","TRUE","","15134","9.7","35045","San Juan","{""35045"": 100}","San Juan","35045","FALSE","FALSE","America/Denver"
"87415","36.82823","-108.10125","Flora Vista","NM","New Mexico","TRUE","","2057","46.7","35045","San Juan","{""35045"": 100}","San Juan","35045","FALSE","FALSE","America/Denver"
"87416","36.58687","-108.43897","Fruitland","NM","New Mexico","TRUE","","4581","4.2","35045","San Juan","{""35045"": 100}","San Juan","35045","FALSE","FALSE","America/Denver"
"87417","36.74456","-108.34551","Kirtland","NM","New Mexico","TRUE","","4976","172.8","35045","San Juan","{""35045"": 100}","San Juan","35045","FALSE","FALSE","America/Denver"
"87418","36.94938","-108.14728","La Plata","NM","New Mexico","TRUE","","859","5.0","35045","San Juan","{""35045"": 100}","San Juan","35045","FALSE","FALSE","America/Denver"
"87419","36.88767","-107.55195","Navajo Dam","NM","New Mexico","TRUE","","436","0.7","35045","San Juan","{""35045"": 52.86, ""35039"": 47.14}","San Juan|Rio Arriba","35045|35039","FALSE","FALSE","America/Denver"
"87420","36.72142","-108.84406","Shiprock","NM","New Mexico","TRUE","","11293","7.9","35045","San Juan","{""35045"": 100}","San Juan","35045","FALSE","FALSE","America/Denver"
"87421","36.7772","-108.53676","Waterflow","NM","New Mexico","TRUE","","1980","23.4","35045","San Juan","{""35045"": 100}","San Juan","35045","FALSE","FALSE","America/Denver"
"87455","36.27109","-108.71936","Newcomb","NM","New Mexico","TRUE","","1565","1.5","35045","San Juan","{""35045"": 100}","San Juan","35045","FALSE","FALSE","America/Denver"
"87461","36.43717","-108.91099","Sanostee","NM","New Mexico","TRUE","","1481","2.4","35045","San Juan","{""35045"": 100}","San Juan","35045","FALSE","FALSE","America/Denver"
"87499","36.32165","-108.24657","Farmington","NM","New Mexico","TRUE","","1016","0.9","35045","San Juan","{""35045"": 100}","San Juan","35045","FALSE","FALSE","America/Denver"
"87501","35.71273","-105.86523","Santa Fe","NM","New Mexico","TRUE","","14637","111.7","35049","Santa Fe","{""35049"": 100}","Santa Fe","35049","FALSE","FALSE","America/Denver"
"87505","35.62307","-105.86891","Santa Fe","NM","New Mexico","TRUE","","31885","189.0","35049","Santa Fe","{""35049"": 100}","Santa Fe","35049","FALSE","FALSE","America/Denver"
"87506","35.82119","-105.96802","Santa Fe","NM","New Mexico","TRUE","","15481","19.3","35049","Santa Fe","{""35049"": 100}","Santa Fe","35049","FALSE","FALSE","America/Denver"
"87507","35.621","-106.11061","Santa Fe","NM","New Mexico","TRUE","","51780","208.1","35049","Santa Fe","{""35049"": 100}","Santa Fe","35049","FALSE","FALSE","America/Denver"
"87508","35.52064","-105.94593","Santa Fe","NM","New Mexico","TRUE","","18587","42.4","35049","Santa Fe","{""35049"": 100}","Santa Fe","35049","FALSE","FALSE","America/Denver"
"87510","36.35906","-106.48312","Abiquiu","NM","New Mexico","TRUE","","915","1.1","35039","Rio Arriba","{""35039"": 100}","Rio Arriba","35039","FALSE","FALSE","America/Denver"
"87511","36.08905","-105.96448","Alcalde","NM","New Mexico","TRUE","","2587","19.5","35039","Rio Arriba","{""35039"": 100}","Rio Arriba","35039","FALSE","FALSE","America/Denver"
"87512","36.90885","-105.36515","Amalia","NM","New Mexico","TRUE","","177","0.3","35055","Taos","{""35055"": 100}","Taos","35055","FALSE","FALSE","America/Denver"
"87513","36.58367","-105.70121","Arroyo Hondo","NM","New Mexico","TRUE","","826","8.2","35055","Taos","{""35055"": 100}","Taos","35055","FALSE","FALSE","America/Denver"
"87514","36.52957","-105.60055","Arroyo Seco","NM","New Mexico","TRUE","","1816","82.1","35055","Taos","{""35055"": 100}","Taos","35055","FALSE","FALSE","America/Denver"
"87515","36.56257","-106.3696","Canjilon","NM","New Mexico","TRUE","","131","0.2","35039","Rio Arriba","{""35039"": 100}","Rio Arriba","35039","FALSE","FALSE","America/Denver"
"87516","36.18116","-106.46149","Canones","NM","New Mexico","TRUE","","59","0.6","35039","Rio Arriba","{""35039"": 100}","Rio Arriba","35039","FALSE","FALSE","America/Denver"
"87517","36.39035","-105.79269","Carson","NM","New Mexico","TRUE","","328","1.6","35055","Taos","{""35055"": 100}","Taos","35055","FALSE","FALSE","America/Denver"
"87518","36.51197","-106.54235","Cebolla","NM","New Mexico","TRUE","","0","0.0","35039","Rio Arriba","{""35039"": 100}","Rio Arriba","35039","FALSE","FALSE","America/Denver"
"87519","36.76472","-105.63502","Cerro","NM","New Mexico","TRUE","","905","12.2","35055","Taos","{""35055"": 100}","Taos","35055","FALSE","FALSE","America/Denver"
"87520","36.88419","-106.63552","Chama","NM","New Mexico","TRUE","","1372","2.0","35039","Rio Arriba","{""35039"": 100}","Rio Arriba","35039","FALSE","FALSE","America/Denver"
"87521","36.08506","-105.70477","Chamisal","NM","New Mexico","TRUE","","808","3.1","35039","Rio Arriba","{""35039"": 66.48, ""35055"": 33.52}","Rio Arriba|Taos","35039|35055","FALSE","FALSE","America/Denver"
"87522","35.96889","-105.84639","Chimayo","NM","New Mexico","TRUE","","3301","11.9","35049","Santa Fe","{""35049"": 78.94, ""35039"": 21.06}","Santa Fe|Rio Arriba","35049|35039","FALSE","FALSE","America/Denver"
"87523","36.01115","-105.86273","Cordova","NM","New Mexico","TRUE","","185","34.1","35039","Rio Arriba","{""35039"": 100}","Rio Arriba","35039","FALSE","FALSE","America/Denver"
"87524","36.96986","-105.5375","Costilla","NM","New Mexico","TRUE","","388","34.9","35055","Taos","{""35055"": 100}","Taos","35055","FALSE","FALSE","America/Denver"
"87525","36.5985","-105.49812","Taos Ski Valley","NM","New Mexico","TRUE","","79","1.6","35055","Taos","{""35055"": 100}","Taos","35055","FALSE","FALSE","America/Denver"
"87527","36.16875","-105.86352","Dixon","NM","New Mexico","TRUE","","631","6.2","35039","Rio Arriba","{""35039"": 100}","Rio Arriba","35039","FALSE","FALSE","America/Denver"
"87528","36.79432","-106.87989","Dulce","NM","New Mexico","TRUE","","3340","3.0","35039","Rio Arriba","{""35039"": 100}","Rio Arriba","35039","FALSE","FALSE","America/Denver"
"87529","36.45001","-105.66147","El Prado","NM","New Mexico","TRUE","","4938","29.4","35055","Taos","{""35055"": 100}","Taos","35055","FALSE","FALSE","America/Denver"
"87530","36.34088","-106.20198","El Rito","NM","New Mexico","TRUE","","898","2.1","35039","Rio Arriba","{""35039"": 100}","Rio Arriba","35039","FALSE","FALSE","America/Denver"
"87531","36.25326","-105.84584","Embudo","NM","New Mexico","TRUE","","175","2.0","35055","Taos","{""35055"": 58.77, ""35039"": 41.23}","Taos|Rio Arriba","35055|35039","FALSE","FALSE","America/Denver"
"87532","35.97965","-106.1048","Espanola","NM","New Mexico","TRUE","","20115","71.0","35039","Rio Arriba","{""35039"": 75.12, ""35049"": 24.88}","Rio Arriba|Santa Fe","35039|35049","FALSE","FALSE","America/Denver"
"87535","35.56675","-105.74719","Glorieta","NM","New Mexico","TRUE","","1482","11.0","35049","Santa Fe","{""35049"": 92.72, ""35047"": 7.28}","Santa Fe|San Miguel","35049|35047","FALSE","FALSE","America/Denver"
"87537","36.1043","-106.2454","Hernandez","NM","New Mexico","TRUE","","2328","6.3","35039","Rio Arriba","{""35039"": 100}","Rio Arriba","35039","FALSE","FALSE","America/Denver"
"87538","35.49323","-105.53767","Ilfeld","NM","New Mexico","TRUE","","251","1.8","35047","San Miguel","{""35047"": 100}","San Miguel","35047","FALSE","FALSE","America/Denver"
"87539","36.41192","-106.02393","La Madera","NM","New Mexico","TRUE","","378","1.9","35039","Rio Arriba","{""35039"": 100}","Rio Arriba","35039","FALSE","FALSE","America/Denver"
"87540","35.39987","-105.8759","Lamy","NM","New Mexico","TRUE","","866","2.0","35049","Santa Fe","{""35049"": 100}","Santa Fe","35049","FALSE","FALSE","America/Denver"
"87543","36.10399","-105.65781","Llano","NM","New Mexico","TRUE","","45","0.9","35055","Taos","{""35055"": 100}","Taos","35055","FALSE","FALSE","America/Denver"
"87544","35.7869","-106.31914","Los Alamos","NM","New Mexico","TRUE","","13453","39.0","35043","Sandoval","{""35043"": 57.73, ""35028"": 42.27}","Sandoval|Los Alamos","35043|35028","FALSE","FALSE","America/Denver"
"87547","35.81046","-106.20579","White Rock","NM","New Mexico","TRUE","","5716","339.9","35028","Los Alamos","{""35028"": 100}","Los Alamos","35028","FALSE","FALSE","America/Denver"
"87548","36.1756","-106.18491","Medanales","NM","New Mexico","TRUE","","376","31.1","35039","Rio Arriba","{""35039"": 100}","Rio Arriba","35039","FALSE","FALSE","America/Denver"
"87549","36.23237","-106.0568","Ojo Caliente","NM","New Mexico","TRUE","","1023","3.1","35039","Rio Arriba","{""35039"": 85.0, ""35055"": 15.0}","Rio Arriba|Taos","35039|35055","FALSE","FALSE","America/Denver"
"87551","36.6925","-106.66872","Los Ojos","NM","New Mexico","TRUE","","137","1.8","35039","Rio Arriba","{""35039"": 100}","Rio Arriba","35039","FALSE","FALSE","America/Denver"
"87552","35.67026","-105.61382","Pecos","NM","New Mexico","TRUE","","2410","4.6","35047","San Miguel","{""35047"": 100}","San Miguel","35047","FALSE","FALSE","America/Denver"
"87553","36.20389","-105.72094","Penasco","NM","New Mexico","TRUE","","1527","49.3","35055","Taos","{""35055"": 100}","Taos","35055","FALSE","FALSE","America/Denver"
"87554","36.54573","-106.0633","Petaca","NM","New Mexico","TRUE","","0","0.0","35039","Rio Arriba","{""35039"": 100}","Rio Arriba","35039","FALSE","FALSE","America/Denver"
"87556","36.81848","-105.5575","Questa","NM","New Mexico","TRUE","","2904","3.9","35055","Taos","{""35055"": 100}","Taos","35055","FALSE","FALSE","America/Denver"
"87557","36.28603","-105.6331","Ranchos De Taos","NM","New Mexico","TRUE","","5413","15.0","35055","Taos","{""35055"": 100}","Taos","35055","FALSE","FALSE","America/Denver"
"87558","36.67279","-105.40523","Red River","NM","New Mexico","TRUE","","1071","3.9","35055","Taos","{""35055"": 100}","Taos","35055","FALSE","FALSE","America/Denver"
"87560","35.22567","-105.50185","Ribera","NM","New Mexico","TRUE","","1595","1.6","35047","San Miguel","{""35047"": 100}","San Miguel","35047","FALSE","FALSE","America/Denver"
"87562","35.40668","-105.65522","Rowe","NM","New Mexico","TRUE","","522","2.1","35047","San Miguel","{""35047"": 100}","San Miguel","35047","FALSE","FALSE","America/Denver"
"87564","36.61566","-105.61797","San Cristobal","NM","New Mexico","TRUE","","110","1.1","35055","Taos","{""35055"": 100}","Taos","35055","FALSE","FALSE","America/Denver"
"87565","35.4442","-105.49384","San Jose","NM","New Mexico","TRUE","","324","3.0","35047","San Miguel","{""35047"": 100}","San Miguel","35047","FALSE","FALSE","America/Denver"
"87566","36.07242","-106.07185","Ohkay Owingeh","NM","New Mexico","TRUE","","3120","55.0","35039","Rio Arriba","{""35039"": 100}","Rio Arriba","35039","FALSE","FALSE","America/Denver"
"87567","35.99401","-106.01872","Santa Cruz","NM","New Mexico","TRUE","","704","96.1","35049","Santa Fe","{""35049"": 100}","Santa Fe","35049","FALSE","FALSE","America/Denver"
"87569","35.35026","-105.30509","Serafina","NM","New Mexico","TRUE","","603","2.9","35047","San Miguel","{""35047"": 100}","San Miguel","35047","FALSE","FALSE","America/Denver"
"87571","36.42507","-105.48523","Taos","NM","New Mexico","TRUE","","11695","28.6","35055","Taos","{""35055"": 100}","Taos","35055","FALSE","FALSE","America/Denver"
"87573","35.77176","-105.70715","Tererro","NM","New Mexico","TRUE","","14","0.1","35047","San Miguel","{""35047"": 59.03, ""35049"": 40.97}","San Miguel|Santa Fe","35047|35049","FALSE","FALSE","America/Denver"
"87575","36.64203","-106.59341","Tierra Amarilla","NM","New Mexico","TRUE","","1027","2.0","35039","Rio Arriba","{""35039"": 100}","Rio Arriba","35039","FALSE","FALSE","America/Denver"
"87577","36.63237","-105.97755","Tres Piedras","NM","New Mexico","TRUE","","161","0.2","35039","Rio Arriba","{""35039"": 51.28, ""35055"": 48.72}","Rio Arriba|Taos","35039|35055","FALSE","FALSE","America/Denver"
"87578","36.04392","-105.78539","Truchas","NM","New Mexico","TRUE","","379","2.3","35039","Rio Arriba","{""35039"": 100}","Rio Arriba","35039","FALSE","FALSE","America/Denver"
"87579","36.12885","-105.56729","Vadito","NM","New Mexico","TRUE","","1059","3.2","35055","Taos","{""35055"": 100}","Taos","35055","FALSE","FALSE","America/Denver"
"87580","36.55956","-105.57459","Valdez","NM","New Mexico","TRUE","","269","7.0","35055","Taos","{""35055"": 100}","Taos","35055","FALSE","FALSE","America/Denver"
"87581","36.51531","-106.16017","Vallecitos","NM","New Mexico","TRUE","","25","0.1","35039","Rio Arriba","{""35039"": 100}","Rio Arriba","35039","FALSE","FALSE","America/Denver"
"87582","36.15323","-106.00246","Velarde","NM","New Mexico","TRUE","","1032","17.4","35039","Rio Arriba","{""35039"": 100}","Rio Arriba","35039","FALSE","FALSE","America/Denver"
"87583","35.28221","-105.35226","Villanueva","NM","New Mexico","TRUE","","482","15.5","35047","San Miguel","{""35047"": 100}","San Miguel","35047","FALSE","FALSE","America/Denver"
"87701","35.53091","-104.94419","Las Vegas","NM","New Mexico","TRUE","","18331","4.4","35047","San Miguel","{""35047"": 100}","San Miguel","35047","FALSE","FALSE","America/Denver"
"87710","36.3729","-105.23873","Angel Fire","NM","New Mexico","TRUE","","1436","3.8","35007","Colfax","{""35007"": 100}","Colfax","35007","FALSE","FALSE","America/Denver"
"87711","35.22458","-105.14673","Anton Chico","NM","New Mexico","TRUE","","956","2.0","35047","San Miguel","{""35047"": 75.32, ""35019"": 24.68}","San Miguel|Guadalupe","35047|35019","FALSE","FALSE","America/Denver"
"87712","35.88076","-105.17612","Buena Vista","NM","New Mexico","TRUE","","300","1.6","35033","Mora","{""35033"": 100}","Mora","35033","FALSE","FALSE","America/Denver"
"87713","36.1708","-105.36111","Chacon","NM","New Mexico","TRUE","","250","1.3","35033","Mora","{""35033"": 100}","Mora","35033","FALSE","FALSE","America/Denver"
"87714","36.4463","-104.99079","Cimarron","NM","New Mexico","TRUE","","1033","1.3","35007","Colfax","{""35007"": 100}","Colfax","35007","FALSE","FALSE","America/Denver"
"87715","36.01839","-105.42535","Cleveland","NM","New Mexico","TRUE","","557","4.9","35033","Mora","{""35033"": 100}","Mora","35033","FALSE","FALSE","America/Denver"
"87718","36.59931","-105.24097","Eagle Nest","NM","New Mexico","TRUE","","494","1.1","35007","Colfax","{""35007"": 100}","Colfax","35007","FALSE","FALSE","America/Denver"
"87722","36.12837","-105.24424","Guadalupita","NM","New Mexico","TRUE","","945","3.0","35033","Mora","{""35033"": 100}","Mora","35033","FALSE","FALSE","America/Denver"
"87723","36.05883","-105.37556","Holman","NM","New Mexico","TRUE","","328","6.4","35033","Mora","{""35033"": 100}","Mora","35033","FALSE","FALSE","America/Denver"
"87724","35.16044","-104.97133","La Loma","NM","New Mexico","TRUE","","22","0.1","35019","Guadalupe","{""35019"": 100}","Guadalupe","35019","FALSE","FALSE","America/Denver"
"87728","36.60334","-104.59473","Maxwell","NM","New Mexico","TRUE","","596","2.0","35007","Colfax","{""35007"": 100}","Colfax","35007","FALSE","FALSE","America/Denver"
"87729","36.31405","-104.80642","Miami","NM","New Mexico","TRUE","","80","0.4","35007","Colfax","{""35007"": 100}","Colfax","35007","FALSE","FALSE","America/Denver"
"87730","36.10704","-104.23485","Mills","NM","New Mexico","TRUE","","15","0.0","35021","Harding","{""35021"": 100}","Harding","35021","FALSE","FALSE","America/Denver"
"87731","35.70411","-105.39881","Montezuma","NM","New Mexico","TRUE","","570","2.8","35047","San Miguel","{""35047"": 100}","San Miguel","35047","FALSE","FALSE","America/Denver"
"87732","35.942","-105.47009","Mora","NM","New Mexico","TRUE","","823","1.8","35033","Mora","{""35033"": 100}","Mora","35033","FALSE","FALSE","America/Denver"
"87733","35.77075","-103.82959","Mosquero","NM","New Mexico","TRUE","","94","0.1","35021","Harding","{""35021"": 100}","Harding","35021","FALSE","FALSE","America/Denver"
"87734","36.17323","-105.09363","Ocate","NM","New Mexico","TRUE","","244","0.7","35033","Mora","{""35033"": 100}","Mora","35033","FALSE","FALSE","America/Denver"
"87735","36.04867","-105.11978","Ojo Feliz","NM","New Mexico","TRUE","","43","1.0","35033","Mora","{""35033"": 100}","Mora","35033","FALSE","FALSE","America/Denver"
"87736","35.98431","-105.19238","Rainsville","NM","New Mexico","TRUE","","65","1.1","35033","Mora","{""35033"": 100}","Mora","35033","FALSE","FALSE","America/Denver"
"87740","36.76707","-104.37953","Raton","NM","New Mexico","TRUE","","6968","2.1","35007","Colfax","{""35007"": 100}","Colfax","35007","FALSE","FALSE","America/Denver"
"87742","35.87161","-105.44427","Rociada","NM","New Mexico","TRUE","","262","1.4","35047","San Miguel","{""35047"": 58.15, ""35033"": 41.85}","San Miguel|Mora","35047|35033","FALSE","FALSE","America/Denver"
"87743","35.96714","-104.01174","Roy","NM","New Mexico","TRUE","","314","0.2","35021","Harding","{""35021"": 100}","Harding","35021","FALSE","FALSE","America/Denver"
"87745","35.7877","-105.26635","Sapello","NM","New Mexico","TRUE","","880","1.9","35047","San Miguel","{""35047"": 90.45, ""35033"": 9.55}","San Miguel|Mora","35047|35033","FALSE","FALSE","America/Denver"
"87746","35.66271","-104.12715","Solano","NM","New Mexico","TRUE","","61","0.1","35047","San Miguel","{""35047"": 94.24, ""35021"": 5.76}","San Miguel|Harding","35047|35021","FALSE","FALSE","America/Denver"
"87747","36.35856","-104.44472","Springer","NM","New Mexico","TRUE","","1575","0.9","35007","Colfax","{""35007"": 100}","Colfax","35007","FALSE","FALSE","America/Denver"
"87749","36.57827","-105.13028","Ute Park","NM","New Mexico","TRUE","","92","2.2","35007","Colfax","{""35007"": 100}","Colfax","35007","FALSE","FALSE","America/Denver"
"87750","35.82498","-104.92704","Valmora","NM","New Mexico","TRUE","","0","0.0","35033","Mora","{""35033"": 100}","Mora","35033","FALSE","FALSE","America/Denver"
"87752","36.01339","-104.62763","Wagon Mound","NM","New Mexico","TRUE","","587","0.3","35033","Mora","{""35033"": 100}","Mora","35033","FALSE","FALSE","America/Denver"
"87753","35.85796","-104.95477","Watrous","NM","New Mexico","TRUE","","46","0.1","35033","Mora","{""35033"": 100}","Mora","35033","FALSE","FALSE","America/Denver"
"87801","34.04824","-106.96668","Socorro","NM","New Mexico","TRUE","","9568","20.8","35053","Socorro","{""35053"": 100}","Socorro","35053","FALSE","FALSE","America/Denver"
"87820","33.90448","-108.55837","Aragon","NM","New Mexico","TRUE","","195","0.5","35003","Catron","{""35003"": 100}","Catron","35003","FALSE","FALSE","America/Denver"
"87821","33.93515","-108.0929","Datil","NM","New Mexico","TRUE","","839","0.2","35003","Catron","{""35003"": 100}","Catron","35003","FALSE","FALSE","America/Denver"
"87823","34.18348","-106.95901","Lemitar","NM","New Mexico","TRUE","","335","2.7","35053","Socorro","{""35053"": 100}","Socorro","35053","FALSE","FALSE","America/Denver"
"87824","33.82708","-108.97731","Luna","NM","New Mexico","TRUE","","84","0.2","35003","Catron","{""35003"": 100}","Catron","35003","FALSE","FALSE","America/Denver"
"87825","33.94509","-107.6603","Magdalena","NM","New Mexico","TRUE","","2528","0.4","35053","Socorro","{""35053"": 67.6, ""35003"": 32.4}","Socorro|Catron","35053|35003","FALSE","FALSE","America/Denver"
"87827","34.36366","-108.12546","Pie Town","NM","New Mexico","TRUE","","172","0.2","35003","Catron","{""35003"": 100}","Catron","35003","FALSE","FALSE","America/Denver"
"87828","34.20567","-106.92056","Polvadera","NM","New Mexico","TRUE","","789","90.4","35053","Socorro","{""35053"": 100}","Socorro","35053","FALSE","FALSE","America/Denver"
"87829","34.25215","-108.64369","Quemado","NM","New Mexico","TRUE","","770","0.2","35003","Catron","{""35003"": 100}","Catron","35003","FALSE","FALSE","America/Denver"
"87830","33.70362","-108.73884","Reserve","NM","New Mexico","TRUE","","863","0.5","35003","Catron","{""35003"": 100}","Catron","35003","FALSE","FALSE","America/Denver"
"87831","34.28303","-106.88722","San Acacia","NM","New Mexico","TRUE","","219","5.7","35053","Socorro","{""35053"": 100}","Socorro","35053","FALSE","FALSE","America/Denver"
"87832","33.83949","-106.83284","San Antonio","NM","New Mexico","TRUE","","146","0.0","35053","Socorro","{""35053"": 100}","Socorro","35053","FALSE","FALSE","America/Denver"
"87901","33.1753","-107.01908","Truth Or Consequences","NM","New Mexico","TRUE","","6243","2.2","35051","Sierra","{""35051"": 100}","Sierra","35051","FALSE","FALSE","America/Denver"
"87930","32.84962","-107.33762","Arrey","NM","New Mexico","TRUE","","573","6.2","35051","Sierra","{""35051"": 100}","Sierra","35051","FALSE","FALSE","America/Denver"
"87931","32.93379","-107.33657","Caballo","NM","New Mexico","TRUE","","777","1.8","35051","Sierra","{""35051"": 100}","Sierra","35051","FALSE","FALSE","America/Denver"
"87933","32.79115","-107.27885","Derry","NM","New Mexico","TRUE","","201","69.5","35051","Sierra","{""35051"": 100}","Sierra","35051","FALSE","FALSE","America/Denver"
"87935","33.25423","-107.22903","Elephant Butte","NM","New Mexico","TRUE","","1747","17.6","35051","Sierra","{""35051"": 100}","Sierra","35051","FALSE","FALSE","America/Denver"
"87936","32.7544","-107.26284","Garfield","NM","New Mexico","TRUE","","160","4.5","35013","Doa Ana","{""35013"": 86.5, ""35051"": 13.5}","Doa Ana|Sierra","35013|35051","FALSE","FALSE","America/Denver"
"87937","32.60008","-107.1972","Hatch","NM","New Mexico","TRUE","","3864","8.6","35013","Doa Ana","{""35013"": 100}","Doa Ana","35013","FALSE","FALSE","America/Denver"
"87939","33.40339","-107.36566","Monticello","NM","New Mexico","TRUE","","197","0.3","35051","Sierra","{""35051"": 100}","Sierra","35051","FALSE","FALSE","America/Denver"
"87940","32.60986","-106.99465","Rincon","NM","New Mexico","TRUE","","448","2.8","35013","Doa Ana","{""35013"": 100}","Doa Ana","35013","FALSE","FALSE","America/Denver"
"87941","32.7055","-107.21424","Salem","NM","New Mexico","TRUE","","732","35.9","35013","Doa Ana","{""35013"": 100}","Doa Ana","35013","FALSE","FALSE","America/Denver"
"87942","33.09447","-107.42951","Williamsburg","NM","New Mexico","TRUE","","1260","3.4","35051","Sierra","{""35051"": 100}","Sierra","35051","FALSE","FALSE","America/Denver"
"87943","33.44312","-107.6817","Winston","NM","New Mexico","TRUE","","180","0.0","35051","Sierra","{""35051"": 45.18, ""35053"": 37.19, ""35003"": 17.64}","Sierra|Socorro|Catron","35051|35053|35003","FALSE","FALSE","America/Denver"
"88001","32.29026","-106.75318","Las Cruces","NM","New Mexico","TRUE","","38524","1341.2","35013","Doa Ana","{""35013"": 100}","Doa Ana","35013","FALSE","FALSE","America/Denver"
"88002","32.38275","-106.45804","White Sands Missile Range","NM","New Mexico","TRUE","","1366","10.3","35013","Doa Ana","{""35013"": 100}","Doa Ana","35013","FALSE","FALSE","America/Denver"
"88003","32.27868","-106.74566","Las Cruces","NM","New Mexico","TRUE","","479","373.1","35013","Doa Ana","{""35013"": 100}","Doa Ana","35013","FALSE","FALSE","America/Denver"
"88004","32.25022","-106.94908","Las Cruces","NM","New Mexico","TRUE","","1198","2188.9","35013","Doa Ana","{""35013"": 100}","Doa Ana","35013","FALSE","FALSE","America/Denver"
"88005","32.22757","-106.99027","Las Cruces","NM","New Mexico","TRUE","","28647","73.3","35013","Doa Ana","{""35013"": 100}","Doa Ana","35013","FALSE","FALSE","America/Denver"
"88007","32.37103","-106.9984","Las Cruces","NM","New Mexico","TRUE","","24233","28.5","35013","Doa Ana","{""35013"": 100}","Doa Ana","35013","FALSE","FALSE","America/Denver"
"88008","31.81867","-106.74188","Santa Teresa","NM","New Mexico","TRUE","","11003","52.7","35013","Doa Ana","{""35013"": 100}","Doa Ana","35013","FALSE","FALSE","America/Denver"
"88009","31.91248","-108.53627","Playas","NM","New Mexico","TRUE","","46","9.5","35023","Hidalgo","{""35023"": 100}","Hidalgo","35023","FALSE","FALSE","America/Denver"
"88011","32.39533","-106.58519","Las Cruces","NM","New Mexico","TRUE","","30223","46.4","35013","Doa Ana","{""35013"": 100}","Doa Ana","35013","FALSE","FALSE","America/Denver"
"88012","32.58898","-106.77135","Las Cruces","NM","New Mexico","TRUE","","31276","34.6","35013","Doa Ana","{""35013"": 100}","Doa Ana","35013","FALSE","FALSE","America/Denver"
"88020","31.78203","-108.82192","Animas","NM","New Mexico","TRUE","","779","0.2","35023","Hidalgo","{""35023"": 100}","Hidalgo","35023","FALSE","FALSE","America/Denver"
"88021","31.97338","-106.81639","Anthony","NM","New Mexico","TRUE","","15413","13.0","35013","Doa Ana","{""35013"": 100}","Doa Ana","35013","FALSE","FALSE","America/Denver"
"88022","32.80238","-108.18766","Arenas Valley","NM","New Mexico","TRUE","","837","28.5","35017","Grant","{""35017"": 100}","Grant","35017","FALSE","FALSE","America/Denver"
"88023","32.71106","-108.07749","Bayard","NM","New Mexico","TRUE","","2197","17.3","35017","Grant","{""35017"": 100}","Grant","35017","FALSE","FALSE","America/Denver"
"88024","32.06539","-106.61803","Berino","NM","New Mexico","TRUE","","763","1079.0","35013","Doa Ana","{""35013"": 100}","Doa Ana","35013","FALSE","FALSE","America/Denver"
"88025","33.10087","-108.71984","Buckhorn","NM","New Mexico","TRUE","","100","0.3","35017","Grant","{""35017"": 100}","Grant","35017","FALSE","FALSE","America/Denver"
"88026","32.75833","-108.15741","Santa Clara","NM","New Mexico","TRUE","","1700","139.3","35017","Grant","{""35017"": 100}","Grant","35017","FALSE","FALSE","America/Denver"
"88027","32.03625","-106.68143","Chamberino","NM","New Mexico","TRUE","","709","134.9","35013","Doa Ana","{""35013"": 100}","Doa Ana","35013","FALSE","FALSE","America/Denver"
"88028","32.95131","-108.67807","Cliff","NM","New Mexico","TRUE","","237","0.5","35017","Grant","{""35017"": 100}","Grant","35017","FALSE","FALSE","America/Denver"
"88029","31.84339","-107.70225","Columbus","NM","New Mexico","TRUE","","1143","2.3","35029","Luna","{""35029"": 100}","Luna","35029","FALSE","FALSE","America/Denver"
"88030","32.19039","-107.72768","Deming","NM","New Mexico","TRUE","","24139","3.6","35029","Luna","{""35029"": 100}","Luna","35029","FALSE","FALSE","America/Denver"
"88034","32.58114","-107.96764","Faywood","NM","New Mexico","TRUE","","27","0.2","35017","Grant","{""35017"": 95.45, ""35029"": 4.55}","Grant|Luna","35017|35029","FALSE","FALSE","America/Denver"
"88038","33.0722","-108.42625","Gila","NM","New Mexico","TRUE","","404","0.4","35017","Grant","{""35017"": 100}","Grant","35017","FALSE","FALSE","America/Denver"
"88039","33.35081","-108.71909","Glenwood","NM","New Mexico","TRUE","","616","0.3","35003","Catron","{""35003"": 100}","Catron","35003","FALSE","FALSE","America/Denver"
"88040","31.6197","-108.44025","Hachita","NM","New Mexico","TRUE","","63","0.0","35023","Hidalgo","{""35023"": 86.28, ""35017"": 13.72}","Hidalgo|Grant","35023|35017","FALSE","FALSE","America/Denver"
"88041","32.78367","-107.89654","Hanover","NM","New Mexico","TRUE","","1426","1.3","35017","Grant","{""35017"": 100}","Grant","35017","FALSE","FALSE","America/Denver"
"88042","32.80979","-107.56385","Hillsboro","NM","New Mexico","TRUE","","352","0.2","35051","Sierra","{""35051"": 100}","Sierra","35051","FALSE","FALSE","America/Denver"
"88043","32.61358","-108.11762","Hurley","NM","New Mexico","TRUE","","1732","9.3","35017","Grant","{""35017"": 100}","Grant","35017","FALSE","FALSE","America/Denver"
"88044","32.01977","-107.08116","La Mesa","NM","New Mexico","TRUE","","2791","1.8","35013","Doa Ana","{""35013"": 100}","Doa Ana","35013","FALSE","FALSE","America/Denver"
"88045","32.3298","-108.71057","Lordsburg","NM","New Mexico","TRUE","","3198","0.9","35023","Hidalgo","{""35023"": 77.33, ""35017"": 22.67}","Hidalgo|Grant","35023|35017","FALSE","FALSE","America/Denver"
"88046","32.26797","-106.79674","Mesilla","NM","New Mexico","TRUE","","757","472.4","35013","Doa Ana","{""35013"": 100}","Doa Ana","35013","FALSE","FALSE","America/Denver"
"88047","32.21444","-106.71556","Mesilla Park","NM","New Mexico","TRUE","","1477","88.5","35013","Doa Ana","{""35013"": 100}","Doa Ana","35013","FALSE","FALSE","America/Denver"
"88048","32.14966","-106.6581","Mesquite","NM","New Mexico","TRUE","","3116","55.1","35013","Doa Ana","{""35013"": 100}","Doa Ana","35013","FALSE","FALSE","America/Denver"
"88049","33.04814","-108.06782","Mimbres","NM","New Mexico","TRUE","","733","0.6","35017","Grant","{""35017"": 100}","Grant","35017","FALSE","FALSE","America/Denver"
"88051","33.01471","-108.94299","Mule Creek","NM","New Mexico","TRUE","","97","0.1","35017","Grant","{""35017"": 100}","Grant","35017","FALSE","FALSE","America/Denver"
"88052","32.45034","-106.60186","Organ","NM","New Mexico","TRUE","","168","10.6","35013","Doa Ana","{""35013"": 100}","Doa Ana","35013","FALSE","FALSE","America/Denver"
"88053","32.89601","-108.21378","Pinos Altos","NM","New Mexico","TRUE","","168","4.3","35017","Grant","{""35017"": 100}","Grant","35017","FALSE","FALSE","America/Denver"
"88055","32.7497","-108.73985","Redrock","NM","New Mexico","TRUE","","41","0.0","35017","Grant","{""35017"": 100}","Grant","35017","FALSE","FALSE","America/Denver"
"88056","31.84062","-109.00295","Rodeo","NM","New Mexico","TRUE","","186","0.7","35023","Hidalgo","{""35023"": 100}","Hidalgo","35023","FALSE","FALSE","America/Denver"
"88061","32.6211","-108.40888","Silver City","NM","New Mexico","TRUE","","17683","7.6","35017","Grant","{""35017"": 100}","Grant","35017","FALSE","FALSE","America/Denver"
"88063","31.80715","-106.58259","Sunland Park","NM","New Mexico","TRUE","","11522","713.3","35013","Doa Ana","{""35013"": 100}","Doa Ana","35013","FALSE","FALSE","America/Denver"
"88065","32.71375","-108.30231","Tyrone","NM","New Mexico","TRUE","","738","447.3","35017","Grant","{""35017"": 100}","Grant","35017","FALSE","FALSE","America/Denver"
"88072","32.14242","-106.61329","Vado","NM","New Mexico","TRUE","","2782","41.2","35013","Doa Ana","{""35013"": 100}","Doa Ana","35013","FALSE","FALSE","America/Denver"
"88081","32.24958","-106.28821","Chaparral","NM","New Mexico","TRUE","","16310","16.7","35035","Otero","{""35035"": 89.75, ""35013"": 10.25}","Otero|Doa Ana","35035|35013","FALSE","FALSE","America/Denver"
"88101","34.50114","-103.26616","Clovis","NM","New Mexico","TRUE","","46158","33.0","35009","Curry","{""35009"": 98.89, ""35041"": 1.11}","Curry|Roosevelt","35009|35041","FALSE","FALSE","America/Denver"
"88103","34.38418","-103.31551","Cannon Afb","NM","New Mexico","TRUE","","0","0.0","35009","Curry","{""35009"": 100}","Curry","35009","FALSE","FALSE","America/Denver"
"88112","34.91023","-103.15863","Broadview","NM","New Mexico","TRUE","","277","0.4","35009","Curry","{""35009"": 66.23, ""35037"": 33.77}","Curry|Quay","35009|35037","FALSE","FALSE","America/Denver"
"88113","33.81968","-103.08894","Causey","NM","New Mexico","TRUE","","195","2.2","35041","Roosevelt","{""35041"": 100}","Roosevelt","35041","FALSE","FALSE","America/Denver"
"88114","33.51026","-103.43052","Crossroads","NM","New Mexico","TRUE","","48","0.1","35025","Lea","{""35025"": 100}","Lea","35025","FALSE","FALSE","America/Denver"
"88115","33.93185","-103.34466","Dora","NM","New Mexico","TRUE","","15","5.6","35041","Roosevelt","{""35041"": 100}","Roosevelt","35041","FALSE","FALSE","America/Denver"
"88116","33.89425","-103.82335","Elida","NM","New Mexico","TRUE","","420","0.1","35041","Roosevelt","{""35041"": 51.26, ""35005"": 48.74}","Roosevelt|Chaves","35041|35005","FALSE","FALSE","America/Denver"
"88118","34.23626","-103.6645","Floyd","NM","New Mexico","TRUE","","309","0.6","35041","Roosevelt","{""35041"": 82.5, ""35009"": 17.5}","Roosevelt|Curry","35041|35009","FALSE","FALSE","America/Denver"
"88119","34.34782","-104.40041","Fort Sumner","NM","New Mexico","TRUE","","1792","0.4","35011","De Baca","{""35011"": 100}","De Baca","35011","FALSE","FALSE","America/Denver"
"88120","34.90329","-103.42523","Grady","NM","New Mexico","TRUE","","340","0.4","35037","Quay","{""35037"": 71.55, ""35009"": 28.45}","Quay|Curry","35037|35009","FALSE","FALSE","America/Denver"
"88121","34.67979","-103.97721","House","NM","New Mexico","TRUE","","184","0.4","35037","Quay","{""35037"": 100}","Quay","35037","FALSE","FALSE","America/Denver"
"88124","34.52771","-103.6473","Melrose","NM","New Mexico","TRUE","","856","0.4","35009","Curry","{""35009"": 58.24, ""35041"": 27.72, ""35037"": 14.04}","Curry|Roosevelt|Quay","35009|35041|35037","FALSE","FALSE","America/Denver"
"88125","33.67137","-103.24997","Milnesand","NM","New Mexico","TRUE","","77","0.1","35041","Roosevelt","{""35041"": 100}","Roosevelt","35041","FALSE","FALSE","America/Denver"
"88126","33.81642","-103.35359","Pep","NM","New Mexico","TRUE","","12","0.1","35041","Roosevelt","{""35041"": 100}","Roosevelt","35041","FALSE","FALSE","America/Denver"
"88130","34.1285","-103.31825","Portales","NM","New Mexico","TRUE","","17795","10.9","35041","Roosevelt","{""35041"": 100}","Roosevelt","35041","FALSE","FALSE","America/Denver"
"88132","33.92382","-103.18855","Rogers","NM","New Mexico","TRUE","","295","0.5","35041","Roosevelt","{""35041"": 100}","Roosevelt","35041","FALSE","FALSE","America/Denver"
"88134","34.37413","-104.00487","Taiban","NM","New Mexico","TRUE","","118","0.1","35011","De Baca","{""35011"": 83.72, ""35041"": 16.28}","De Baca|Roosevelt","35011|35041","FALSE","FALSE","America/Denver"
"88135","34.5623","-103.08204","Texico","NM","New Mexico","TRUE","","1256","3.4","35009","Curry","{""35009"": 93.56, ""35041"": 6.44}","Curry|Roosevelt","35009|35041","FALSE","FALSE","America/Denver"
"88136","34.25356","-104.83347","Yeso","NM","New Mexico","TRUE","","26","0.0","35011","De Baca","{""35011"": 67.01, ""35027"": 32.99}","De Baca|Lincoln","35011|35027","FALSE","FALSE","America/Denver"
"88201","33.66517","-104.48932","Roswell","NM","New Mexico","TRUE","","26634","3.9","35005","Chaves","{""35005"": 86.58, ""35027"": 13.42}","Chaves|Lincoln","35005|35027","FALSE","FALSE","America/Denver"
"88203","33.22169","-104.43904","Roswell","NM","New Mexico","TRUE","","30045","10.6","35005","Chaves","{""35005"": 100}","Chaves","35005","FALSE","FALSE","America/Denver"
"88210","32.77272","-104.22567","Artesia","NM","New Mexico","TRUE","","18785","5.6","35015","Eddy","{""35015"": 100}","Eddy","35015","FALSE","FALSE","America/Denver"
"88220","32.31421","-104.41732","Carlsbad","NM","New Mexico","TRUE","","39557","8.0","35015","Eddy","{""35015"": 100}","Eddy","35015","FALSE","FALSE","America/Denver"
"88230","33.21396","-104.39764","Dexter","NM","New Mexico","TRUE","","4827","6.5","35005","Chaves","{""35005"": 100}","Chaves","35005","FALSE","FALSE","America/Denver"
"88231","32.42376","-103.26873","Eunice","NM","New Mexico","TRUE","","3480","3.8","35025","Lea","{""35025"": 100}","Lea","35025","FALSE","FALSE","America/Denver"
"88232","33.06398","-104.1568","Hagerman","NM","New Mexico","TRUE","","2547","1.9","35005","Chaves","{""35005"": 100}","Chaves","35005","FALSE","FALSE","America/Denver"
"88240","32.67285","-103.43454","Hobbs","NM","New Mexico","TRUE","","41204","26.5","35025","Lea","{""35025"": 100}","Lea","35025","FALSE","FALSE","America/Denver"
"88242","32.81654","-103.16014","Hobbs","NM","New Mexico","TRUE","","7583","41.6","35025","Lea","{""35025"": 100}","Lea","35025","FALSE","FALSE","America/Denver"
"88244","32.76412","-103.22498","Hobbs","NM","New Mexico","TRUE","","1378","9903.0","35025","Lea","{""35025"": 100}","Lea","35025","FALSE","FALSE","America/Denver"
"88250","32.72882","-104.91851","Hope","NM","New Mexico","TRUE","","298","0.2","35005","Chaves","{""35005"": 65.84, ""35015"": 34.16}","Chaves|Eddy","35005|35015","FALSE","FALSE","America/Denver"
"88252","32.16345","-103.39452","Jal","NM","New Mexico","TRUE","","2156","1.0","35025","Lea","{""35025"": 100}","Lea","35025","FALSE","FALSE","America/Denver"
"88253","32.98767","-104.54852","Lake Arthur","NM","New Mexico","TRUE","","937","1.7","35005","Chaves","{""35005"": 73.98, ""35015"": 26.02}","Chaves|Eddy","35005|35015","FALSE","FALSE","America/Denver"
"88254","32.62876","-104.40779","Lakewood","NM","New Mexico","TRUE","","52","0.5","35015","Eddy","{""35015"": 100}","Eddy","35015","FALSE","FALSE","America/Denver"
"88255","32.81091","-103.99923","Loco Hills","NM","New Mexico","TRUE","","53","5.7","35015","Eddy","{""35015"": 100}","Eddy","35015","FALSE","FALSE","America/Denver"
"88256","32.19543","-103.88924","Loving","NM","New Mexico","TRUE","","2118","1.7","35015","Eddy","{""35015"": 100}","Eddy","35015","FALSE","FALSE","America/Denver"
"88260","32.98698","-103.39801","Lovington","NM","New Mexico","TRUE","","15314","7.3","35025","Lea","{""35025"": 100}","Lea","35025","FALSE","FALSE","America/Denver"
"88262","33.12871","-103.40694","Mcdonald","NM","New Mexico","TRUE","","12","0.1","35025","Lea","{""35025"": 100}","Lea","35025","FALSE","FALSE","America/Denver"
"88263","32.09091","-104.09006","Malaga","NM","New Mexico","TRUE","","172","0.6","35015","Eddy","{""35015"": 100}","Eddy","35015","FALSE","FALSE","America/Denver"
"88264","32.86351","-103.70089","Maljamar","NM","New Mexico","TRUE","","0","0.0","35025","Lea","{""35025"": 100}","Lea","35025","FALSE","FALSE","America/Denver"
"88265","32.58421","-103.34642","Monument","NM","New Mexico","TRUE","","143","0.7","35025","Lea","{""35025"": 100}","Lea","35025","FALSE","FALSE","America/Denver"
"88267","33.30983","-103.39329","Tatum","NM","New Mexico","TRUE","","1425","0.7","35025","Lea","{""35025"": 100}","Lea","35025","FALSE","FALSE","America/Denver"
"88268","32.17632","-104.37939","Whites City","NM","New Mexico","TRUE","","0","0.0","35015","Eddy","{""35015"": 100}","Eddy","35015","FALSE","FALSE","America/Denver"
"88301","33.7494","-105.85191","Carrizozo","NM","New Mexico","TRUE","","1364","0.6","35027","Lincoln","{""35027"": 97.69, ""35053"": 2.31}","Lincoln|Socorro","35027|35053","FALSE","FALSE","America/Denver"
"88310","32.71809","-106.07231","Alamogordo","NM","New Mexico","TRUE","","37138","23.2","35035","Otero","{""35035"": 100}","Otero","35035","FALSE","FALSE","America/Denver"
"88311","32.80689","-105.98875","Alamogordo","NM","New Mexico","TRUE","","1057","171.3","35035","Otero","{""35035"": 100}","Otero","35035","FALSE","FALSE","America/Denver"
"88312","33.43186","-105.64397","Alto","NM","New Mexico","TRUE","","2616","14.2","35027","Lincoln","{""35027"": 100}","Lincoln","35027","FALSE","FALSE","America/Denver"
"88314","33.10061","-105.86725","Bent","NM","New Mexico","TRUE","","222","1.8","35035","Otero","{""35035"": 100}","Otero","35035","FALSE","FALSE","America/Denver"
"88316","33.77306","-105.36895","Capitan","NM","New Mexico","TRUE","","2260","1.0","35027","Lincoln","{""35027"": 100}","Lincoln","35027","FALSE","FALSE","America/Denver"
"88317","32.86081","-105.67442","Cloudcroft","NM","New Mexico","TRUE","","2060","2.9","35035","Otero","{""35035"": 100}","Otero","35035","FALSE","FALSE","America/Denver"
"88318","34.22491","-105.44166","Corona","NM","New Mexico","TRUE","","314","0.1","35027","Lincoln","{""35027"": 69.82, ""35057"": 30.18}","Lincoln|Torrance","35027|35057","FALSE","FALSE","America/Denver"
"88321","34.76815","-105.45564","Encino","NM","New Mexico","TRUE","","441","0.2","35057","Torrance","{""35057"": 87.92, ""35019"": 9.48, ""35047"": 2.6}","Torrance|Guadalupe|San Miguel","35057|35019|35047","FALSE","FALSE","America/Denver"
"88323","33.48534","-105.56488","Fort Stanton","NM","New Mexico","TRUE","","0","0.0","35027","Lincoln","{""35027"": 100}","Lincoln","35027","FALSE","FALSE","America/Denver"
"88324","33.38666","-105.47268","Glencoe","NM","New Mexico","TRUE","","100","1.0","35027","Lincoln","{""35027"": 100}","Lincoln","35027","FALSE","FALSE","America/Denver"
